{
  "categoria": "cimeli",
  "fonte": "Manuale Base p.69-70",
  "descrizione": "Oggetti insoliti senza valore commerciale, unici e bizzarri",
  "regole": {
    "requisiti": [
      "Valore economico nullo, non rivendibile",
      "Originale, non scadente o contraffatto",
      "Unico e particolare"
    ],
    "uso_speciale": "Utilizzabile una volta per effetto sorprendente ad arbitrio del proprietario, può dare Ispirazione o vantaggio narrativo",
    "acquisizione": [
      "Uno per canaglia alla creazione",
      "Trofeo da rissa",
      "Trovato durante avventure"
    ]
  },
  "tabella_cimeli": [
    "Splendida zappa in ottime condizioni",
    "Stivali spaiati di Belgaratto (diversi ma calzano perfetti)",
    "Cappello dell'Ammazzasette con ricamo dorato",
    "Coda di cane essiccata (talismano)",
    "Due di schiaffi (carta Minchiate modificata)",
    "Scherza coi fanti (breviario umoristico)",
    "Lascia stare i santi (breviario religioso)",
    "Mamiononmami (fiore con ultimo petalo)",
    "Dente umano nero come ebano",
    "Treccia della Befana (capelli di strega)",
    "Copricapo di latta del Sor Mentecatti (scodella)",
    "Incisivo Firulante (dente morgante con buco, suona come armonica)",
    "Dentiera del giudizio (denti multicolori)",
    "Penna dell'uccello gazolbinello (migliora grafia, monouso)",
    "Ramaiolo di zia Marcolfa (rame, per bere)",
    "Frizzi e lazzi (borsello con battutacce)",
    "Barattolo da lucciole con vetro",
    "Due palle (sfere metalliche magnetizzate)",
    "Mantellaccia de' sorci verdi (pellicce topo verdastre)",
    "Forbice Monolama di Falcamonte (coltello dozzinale)",
    "Piede di Forco (dito nero mummificato)",
    "Siero della Verità (grappa forte)",
    "Scarpe dei Sacripanti (tacco davanti)",
    "Grangetto dei Turchini (bottone che torna in tasca)",
    "La contessa (neo finto peloso)",
    "La rontina (oggetto metallico misterioso)",
    "Cuscino di piume d'orca (durissimo)",
    "Ciondolo con ciocca (contiene lana di capra)",
    "Scatoletta da cucito (aghi, filo, bottoni)",
    "Bracciale zigano (argento con iscrizione illeggibile)",
    "Fiasca bucata (con mappa interna)",
    "Cornetto di corallo (portafortuna)",
    "Cavatappi delle meraviglie (esplode con vino cattivo)",
    "Mazzo di carte bucate (per barare)",
    "Anello in argentone con sigillo generico",
    "Clessidra tascabile (dice 5 lassi ma sono 7)",
    "Liuto 'Figlio di Ghibba' (memorizza canzoni ma non vuole)",
    "Coppa del nonno (per sorbetto)",
    "Petardo Fischione (sibilo e botto)",
    "Uovo da rammendo (di legno)",
    "Trappola per topi",
    "Lettera di presentazione (Conte Notte, credito 200 mo)",
    "Padella dello scudiero (traforata, per caldarroste)",
    "Scatola musicale tascabile",
    "Sigillo del gran siniscalco di Costantinapoli (falso)",
    "Grattaschiena (manina d'avorio)",
    "Ritratto del bevitore di vino (1/1000 originale)",
    "La rotolarella (100 piedi di spago a pezzi)",
    "Parrucca gentilizia (crine di cavallo)",
    "Ventaglio di seta di Serindia"
  ],
  "validazione": {
    "implementato": false,
    "compendio": "cimeli"
  }
}