{
  "id": "spell-bollo-di-qualita",
  "nome": "Bollo di Qualità",
  "nome_inglese": "Quality Seal",
  "livello": 1,
  "scuola": "Trasmutazione",
  "tempo_lancio": "1 azione bonus",
  "gittata": "Contatto",
  "componenti": {
    "verbale": true,
    "somatica": true
  },
  "durata": "1 ora",
  "descrizione": "L'incantatore tocca un oggetto o una creatura di qualità scadente e, finché l'incantesimo non termina, il bersaglio perde la qualità scadente.",
  "livelli_superiori": "Quando l'incantatore lancia questo incantesimo usando uno slot incantesimo di 3° livello, la durata aumenta a 8 ore.",
  "classi": ["Mago"],
  "scaling": {
    "slot_1": "1 ora",
    "slot_3": "8 ore"
  },
  "implementazione_foundry": {
    "tipo": "spell",
    "livello": 1,
    "attivazione": "bonus",
    "range": "touch",
    "durata": "1 hour"
  },
  "meccaniche_brancalonia": {
    "qualita_scadente": "Rimuove temporaneamente",
    "oggetti": "Armi, armature, strumenti",
    "creature": "Anche creature scadenti",
    "bonus_action": "Non usa azione principale"
  },
  "qualita_scadente_rules": {
    "armi": "-1 attacco/danno normalmente",
    "armature": "-1 AC normalmente",
    "strumenti": "Svantaggio alle prove",
    "con_bollo": "Funzionano normalmente"
  },
  "utilizzi": [
    "Rendere utilizzabile equipaggiamento scarso",
    "Preparare armi per battaglia importante",
    "Vendere oggetti a prezzo pieno temporaneamente",
    "Impressionare con equipaggiamento 'migliore'",
    "Superare prove con strumenti scadenti"
  ],
  "durata_scaling": {
    "livello_1": "1 ora per situazioni immediate",
    "livello_3": "8 ore copre giornata avventura",
    "no_concentrazione": "Fire and forget"
  },
  "flavor_brancalonia": {
    "certificazione": "Come marchio CE magico",
    "contraffazione": "Migliora temporaneamente",
    "economia_povera": "Riflette setting povero",
    "creativita": "Soluzioni arrangiate"
  },
  "note_dm": "Bollo di Qualità è spell unico di Brancalonia che riflette l'economia povera del setting. Utile per superare limitazioni equipment scadente.",
  "fonte": "Brancalonia Macaronicon p.51"
}