{
  "id": "spell-parola-guaritrice",
  "nome": "Parola Guaritrice",
  "nome_inglese": "Healing Word",
  "livello": 1,
  "scuola": "Invocazione",
  "tempo_lancio": "1 azione bonus",
  "gittata": "60 piedi",
  "componenti": {
    "verbale": true
  },
  "durata": "Istantanea",
  "descrizione": "Una creatura a tua scelta che puoi vedere entro gittata recupera punti ferita pari a 1d4 + il tuo modificatore di caratteristica da incantatore. Questo incantesimo non ha effetto su non morti o costrutti.",
  "classi": ["Bardo", "Chierico", "Druido"],
  "scaling": {
    "slot_1": "1d4 + mod",
    "slot_2": "2d4 + mod",
    "slot_3": "3d4 + mod",
    "slot_4": "4d4 + mod",
    "slot_5": "5d4 + mod"
  },
  "implementazione_foundry": {
    "tipo": "spell",
    "livello": 1,
    "attivazione": "bonus",
    "range": 60,
    "healing": "1d4 + @mod",
    "scaling": "1d4 per level"
  },
  "valore_tattico": {
    "bonus_action": "Lascia azione per altro",
    "range_60": "Cura a distanza sicura",
    "yo_yo_healing": "Rialza da 0 HP instant",
    "action_economy": "Cast + attack/cantrip stesso turno"
  },
  "healing_confronto": {
    "vs_cure_wounds": "Meno healing ma range e bonus",
    "efficienza": "d4 vs d8 ma bonus action vale",
    "combat_value": "Migliore in combat per action economy"
  },
  "utilizzo_ottimale": [
    "Rialzare alleati a 0 HP",
    "Mantenere action per attack",
    "Healing a distanza sicura",
    "Emergenze in combat"
  ],
  "yo_yo_problema": {
    "descrizione": "Rialza da 0 con 1 HP minimo",
    "tattica": "Aspetta che cada poi rialza",
    "controverso": "Alcuni DM limitano"
  },
  "solo_verbale": {
    "vantaggio": "Castable se mani legate",
    "svantaggio": "Non castable in silence"
  },
  "note_dm": "Healing Word è il miglior combat healing per action economy. Range + bonus action lo rende superiore a Cure Wounds in fight.",
  "fonte": "D&D 5e PHB p.250"
}