{
  "id": "spell-onda-tonante",
  "nome": "Onda Tonante",
  "nome_inglese": "Thunderwave",
  "livello": 1,
  "scuola": "Invocazione",
  "tempo_lancio": "1 azione",
  "gittata": "Personale (cubo di 15 piedi)",
  "componenti": {
    "verbale": true,
    "somatica": true
  },
  "durata": "Istantanea",
  "descrizione": "Un'onda di forza tonante si propaga da te. Ogni creatura in un cubo di 15 piedi che origina da te deve effettuare un tiro salvezza su Costituzione. Con un fallimento, una creatura subisce 2d8 danni da tuono ed è spinta di 10 piedi lontano da te. Con un successo, la creatura subisce metà danni e non è spinta. Inoltre, oggetti non fissati che sono completamente dentro l'area di effetto sono automaticamente spinti 10 piedi lontano da te dall'effetto dell'incantesimo, e l'incantesimo emette un boato tonante udibile fino a 300 piedi.",
  "classi": ["Bardo", "Druido", "Mago", "Stregone"],
  "scaling": {
    "slot_1": "2d8 tuono",
    "slot_2": "3d8 tuono",
    "slot_3": "4d8 tuono",
    "slot_4": "5d8 tuono",
    "slot_5": "6d8 tuono"
  },
  "implementazione_foundry": {
    "tipo": "spell",
    "livello": 1,
    "attivazione": "action",
    "area": "15 ft cube",
    "save": "constitution",
    "danno": "2d8",
    "danno_tipo": "thunder",
    "push": "10 ft",
    "half_on_save": true
  },
  "meccaniche": {
    "origine": "Cubo origina DA te (non centrato)",
    "push": "10 ft push automatico se fail",
    "oggetti": "Spinge oggetti non fissati",
    "rumore": "300 ft udibile (allarme!)"
  },
  "posizionamento_cubo": {
    "origine_caster": "Tu sei su un bordo/angolo",
    "direzione": "Scegli direzione del cubo",
    "area_coperta": "9 quadretti 5x5"
  },
  "valore_tattico": {
    "controllo": "Push 10 ft senza save extra",
    "disengage": "Crea spazio per fuggire",
    "environmental": "Push in precipizi/trappole",
    "break_grapple": "Push rompe grapple"
  },
  "problemi": [
    "Rumore 300 ft attira nemici",
    "Colpisce alleati in area",
    "CON save spesso alto",
    "Thunder damage a volte resistito"
  ],
  "note_dm": "Thunderwave ottimo controllo livello 1. Push 10 ft molto utile tatticamente. Rumore 300 ft è svantaggio importante.",
  "fonte": "D&D 5e PHB p.282"
}