{
  "id": "spell-eroismo",
  "nome": "Eroismo",
  "nome_inglese": "Heroism",
  "livello": 1,
  "scuola": "Ammaliamento",
  "tempo_lancio": "1 azione",
  "gittata": "Contatto",
  "componenti": {
    "verbale": true,
    "somatica": true
  },
  "durata": "Concentrazione, fino a 1 minuto",
  "descrizione": "Una creatura consenziente che tocchi è pervasa da coraggio. Fino al termine dell'incantesimo, la creatura è immune all'essere spaventata e ottiene punti ferita temporanei pari al tuo modificatore di caratteristica da incantatore all'inizio di ognuno dei suoi turni. Quando l'incantesimo termina, il bersaglio perde tutti i punti ferita temporanei rimanenti da questo incantesimo.",
  "classi": ["Bardo", "Paladino"],
  "scaling": {
    "descrizione": "+1 creatura per slot sopra 1°",
    "slot_2": "2 creature",
    "slot_3": "3 creature",
    "slot_4": "4 creature"
  },
  "implementazione_foundry": {
    "tipo": "spell",
    "livello": 1,
    "attivazione": "action",
    "range": "touch",
    "durata": "1 minute",
    "concentrazione": true,
    "temp_hp": "@mod per round",
    "immunita": "frightened"
  },
  "benefici": {
    "immune_fear": "Immunita a frightened condition",
    "temp_hp": "Mod THP ogni turno",
    "refresh": "THP si refreshano",
    "no_save": "Automatico su willing"
  },
  "temp_hp_meccaniche": {
    "ogni_turno": "Inizio turno del target",
    "non_stackano": "Sostituiscono precedenti",
    "esempio_cha_16": "+3 THP/turno",
    "10_turni": "Potenziale 30+ THP totali"
  },
  "frightened_immunity_value": {
    "vs_draghi": "Frightful Presence immune",
    "vs_undead": "Molti fear effects",
    "morale": "Mai fugge per paura"
  },
  "confronto": {
    "vs_bless": "Single target ma più defensive",
    "vs_aid": "Heroism refresh, Aid permanent",
    "vs_false_life": "Heroism continua, False Life one-time"
  },
  "tattiche": [
    "Tank buffer continuo",
    "Front-liner protection",
    "Anti-fear prima di draghi",
    "Sustained combat buff"
  ],
  "problemi": [
    "Touch range",
    "Concentrazione occupata",
    "Single target base",
    "THP non stackano con altri"
  ],
  "note_dm": "Heroism è ottimo sustained protection. THP ogni turno accumula molto. Fear immunity situazionale ma potente quando serve.",
  "fonte": "D&D 5e PHB p.250"
}