{
  "id": "spell-anatema",
  "nome": "Anatema",
  "nome_inglese": "Bane",
  "livello": 1,
  "scuola": "Ammaliamento",
  "tempo_lancio": "1 azione",
  "gittata": "30 piedi",
  "componenti": {
    "verbale": true,
    "somatica": true,
    "materiale": true,
    "materiale_descrizione": "Una goccia di sangue"
  },
  "durata": "Concentrazione, fino a 1 minuto",
  "descrizione": "Fino a tre creature a tua scelta che puoi vedere entro gittata devono effettuare tiri salvezza su Carisma. Ogni volta che un bersaglio che fallisce questo tiro salvezza effettua un tiro per colpire o un tiro salvezza prima che l'incantesimo finisca, il bersaglio deve tirare un d4 e sottrarre il numero tirato dal tiro per colpire o tiro salvezza.",
  "classi": ["Bardo", "Chierico"],
  "scaling": {
    "descrizione": "+1 creatura per slot level sopra 1°",
    "slot_2": "4 creature",
    "slot_3": "5 creature",
    "slot_4": "6 creature"
  },
  "implementazione_foundry": {
    "tipo": "spell",
    "livello": 1,
    "attivazione": "action",
    "range": 30,
    "save": "charisma",
    "bersagli": 3,
    "durata": "1 minute",
    "concentrazione": true,
    "penalita": "-1d4 to attacks and saves"
  },
  "meccaniche": {
    "save_iniziale": "CHA save per resistere",
    "penalita": "-1d4 attacks e saves",
    "durata": "1 minuto concentrazione",
    "no_save_ripetuti": "Effetto dura tutto"
  },
  "confronto_bless": {
    "opposto": "Versione negativa di Bless",
    "save_richiesto": "Bane richiede save fallito",
    "cha_save": "CHA raro, spesso basso"
  },
  "valore_tattico": {
    "debuff_boss": "-d4 su boss riduce threat",
    "save_reduction": "Aiuta land altri spell",
    "attack_reduction": "Riduce damage income",
    "multi_enemy": "3+ nemici debuffati"
  },
  "problemi": [
    "Richiede save iniziale",
    "Concentrazione occupata",
    "CHA save a volte alto",
    "Setup turn richiesto"
  ],
  "sinergie": [
    "Combo con save-or-suck spells",
    "Stack con altri debuff",
    "Protegge concentration casters",
    "Setup per hold person/monster"
  ],
  "note_dm": "Bane sottovalutato ma potente. -1d4 su nemici multipli riduce molto threat. CHA save spesso fallisce. Compete per concentration.",
  "fonte": "D&D 5e PHB p.216"
}