{
  "id": "spell-individuazione-magia",
  "nome": "Individuazione del Magico",
  "nome_inglese": "Detect Magic",
  "livello": 1,
  "scuola": "Divinazione",
  "rituale": true,
  "tempo_lancio": "1 azione",
  "gittata": "Personale",
  "componenti": {
    "verbale": true,
    "somatica": true
  },
  "durata": "Concentrazione, fino a 10 minuti",
  "descrizione": "Per la durata, percepisci la presenza di magia entro 30 piedi da te. Se percepisci magia in questo modo, puoi usare la tua azione per vedere una debole aura intorno a qualsiasi creatura o oggetto visibile nell'area che porta magia, e apprendi la sua scuola di magia, se presente. L'incantesimo può penetrare la maggior parte delle barriere, ma è bloccato da 1 piede di pietra, 1 pollice di metallo comune, una sottile lamina di piombo o 3 piedi di legno o terra.",
  "classi": ["Bardo", "Chierico", "Druido", "Paladino", "Ranger", "Mago", "Stregone"],
  "implementazione_foundry": {
    "tipo": "spell",
    "livello": 1,
    "rituale": true,
    "attivazione": "action",
    "range": "self",
    "area": "30 ft radius",
    "durata": "10 minutes",
    "concentrazione": true
  },
  "meccaniche": {
    "sensing": "Automatico entro 30 ft",
    "azione_vedere": "Action per vedere aure",
    "scuola_magia": "Identifica scuola",
    "penetrazione": "Attraversa muri sottili"
  },
  "blocchi": [
    "1 piede di pietra",
    "1 pollice metallo",
    "Lamina di piombo (qualsiasi)",
    "3 piedi legno/terra"
  ],
  "utilizzi": [
    "Cercare oggetti magici",
    "Identificare illusioni",
    "Trovare trappole magiche",
    "Verificare se NPC è sotto spell",
    "Scoprire oggetti nascosti magici"
  ],
  "ritual_value": {
    "no_slot": "Gratis come rituale",
    "tempo_extra": "+10 minuti cast time",
    "exploration": "Perfetto fuori combat"
  },
  "limitazioni": [
    "Non identifica spell specifici",
    "Non rivela proprietà oggetti",
    "Richiede concentrazione",
    "30 ft range limitato"
  ],
  "note_dm": "Detect Magic è utilità essenziale. Ritual lo rende gratuito. Utile per puzzle e trappole magiche. Non sostituisce Identify.",
  "fonte": "D&D 5e PHB p.231"
}