{
  "id": "spell-armatura-magica",
  "nome": "Armatura Magica",
  "nome_inglese": "Mage Armor",
  "livello": 1,
  "scuola": "Abiurazione",
  "tempo_lancio": "1 azione",
  "gittata": "Contatto",
  "componenti": {
    "verbale": true,
    "somatica": true,
    "materiale": true,
    "materiale_descrizione": "Un pezzo di cuoio conciato"
  },
  "durata": "8 ore",
  "descrizione": "Tocchi una creatura consenziente che non indossa armatura e una forza magica protettiva la circonda fino al termine dell'incantesimo. La CA base del bersaglio diventa 13 + il suo modificatore di Destrezza. L'incantesimo termina se il bersaglio indossa un'armatura o se congedi l'incantesimo come azione.",
  "classi": ["Mago", "Stregone"],
  "implementazione_foundry": {
    "tipo": "spell",
    "livello": 1,
    "attivazione": "action",
    "range": "touch",
    "durata": "8 hours",
    "effetto_ac": "13 + DEX"
  },
  "calcolo_ac": {
    "formula": "13 + DEX modifier",
    "esempio_dex_14": "13 + 2 = AC 15",
    "esempio_dex_20": "13 + 5 = AC 18",
    "confronto_studded": "Uguale a studded leather"
  },
  "utilizzo": {
    "wizard_sorcerer": "AC standard per caster",
    "monks": "A volte meglio di Unarmored Defense",
    "barbarian_low_con": "Se CON bassa",
    "durata_giornata": "8 ore copre adventuring day"
  },
  "interazioni": {
    "non_stack": "Non si somma con armature",
    "shield_spell": "Stack con Shield (+5)",
    "bracers_defense": "Non stack con bracers",
    "multiclass": "Utile per multiclass caster"
  },
  "note_dm": "Mage Armor è essenziale per wizard/sorcerer. 8 ore = tutto il giorno con 1 slot. Non concentrazione.",
  "fonte": "D&D 5e PHB p.256"
}