{
  "id": "spell-identificare",
  "nome": "Identificare",
  "nome_inglese": "Identify",
  "livello": 1,
  "scuola": "Divinazione",
  "rituale": true,
  "tempo_lancio": "1 minuto",
  "gittata": "Contatto",
  "componenti": {
    "verbale": true,
    "somatica": true,
    "materiale": true,
    "materiale_descrizione": "Una perla del valore di almeno 100 mo e una piuma di gufo"
  },
  "durata": "Istantanea",
  "descrizione": "Scegli un oggetto che devi toccare durante il lancio dell'incantesimo. Se è un oggetto magico o un altro oggetto infuso di magia, apprendi le sue proprietà e come usarle, se richiede attunement per essere usato, e quante cariche ha, se presenti. Apprendi se qualche incantesimo sta influenzando l'oggetto e cosa sono. Se l'oggetto è stato creato da un incantesimo, apprendi quale incantesimo lo ha creato. Se invece tocchi una creatura durante il lancio, apprendi quali incantesimi, se presenti, la stanno attualmente influenzando.",
  "classi": ["Bardo", "Mago"],
  "implementazione_foundry": {
    "tipo": "spell",
    "livello": 1,
    "rituale": true,
    "attivazione": "1 minute",
    "range": "touch",
    "durata": "instantaneous"
  },
  "informazioni_ottenute": [
    "Proprietà magiche complete",
    "Metodo di attivazione",
    "Requisiti attunement",
    "Numero cariche",
    "Spell attivi sull'oggetto",
    "Spell di creazione"
  ],
  "su_creature": {
    "spell_attivi": "Tutti gli spell sulla creatura",
    "no_stats": "Non rivela statistiche",
    "no_hp": "Non rivela HP/AC"
  },
  "costo_componente": {
    "perla_100mo": "Non consumata",
    "riutilizzabile": "Stesso componente infinito",
    "focus_alternativo": "Può usare arcane focus"
  },
  "limitazioni": [
    "Non rivela maledizioni",
    "1 minuto cast time",
    "Touch range",
    "Non identifica artefatti leggendari completamente"
  ],
  "ritual_efficiency": {
    "gratuito": "11 minuti ma no slot",
    "short_rest": "Identifica multipli durante rest",
    "party_utility": "Wizard/Bard servizio party"
  },
  "note_dm": "Identify essenziale per loot magico. Non rivela curse è importante per tensione. Perla da 100mo è investimento iniziale.",
  "fonte": "D&D 5e PHB p.252"
}