{
  "id": "spell-comprensione-linguaggi",
  "nome": "Comprensione dei Linguaggi",
  "nome_inglese": "Comprehend Languages",
  "livello": 1,
  "scuola": "Divinazione",
  "rituale": true,
  "tempo_lancio": "1 azione",
  "gittata": "Personale",
  "componenti": {
    "verbale": true,
    "somatica": true,
    "materiale": true,
    "materiale_descrizione": "Un pizzico di fuliggine e sale"
  },
  "durata": "1 ora",
  "descrizione": "Per la durata, comprendi il significato letterale di qualsiasi linguaggio parlato che senti. Comprendi anche qualsiasi linguaggio scritto che vedi, ma devi toccare la superficie su cui sono scritte le parole. Ci vuole circa 1 minuto per leggere una pagina di testo. Questo incantesimo non decodifica messaggi segreti in un testo o un glifo, come un sigillo arcano, che non è parte di un linguaggio scritto.",
  "classi": ["Bardo", "Mago", "Stregone", "Warlock"],
  "implementazione_foundry": {
    "tipo": "spell",
    "livello": 1,
    "rituale": true,
    "attivazione": "action",
    "range": "self",
    "durata": "1 hour"
  },
  "cosa_fa": {
    "parlato": "Comprendi TUTTI i linguaggi parlati",
    "scritto": "Leggi TUTTI i linguaggi scritti",
    "velocita": "1 minuto per pagina",
    "toccare": "Devi toccare testo scritto"
  },
  "cosa_non_fa": [
    "Non ti fa PARLARE lingue",
    "Non decodifica codici",
    "Non legge simboli magici",
    "Non traduce Thieves' Cant"
  ],
  "lingue_coperte": [
    "Common e tutti dialetti",
    "Exotic (Draconic, Celestial, etc)",
    "Lingue morte/antiche",
    "Lingue planari",
    "Lingue mostruose"
  ],
  "ritual_value": {
    "no_slot": "Gratis come rituale (+10 min)",
    "exploration": "Perfetto fuori combat",
    "sempre_preparabile": "Wizard può sempre avere"
  },
  "utilizzi": [
    "Negoziare con creature esotiche",
    "Leggere testi antichi",
    "Spiare conversazioni",
    "Comprendere minacce nemiche",
    "Ricerca in biblioteche straniere"
  ],
  "tongues_confronto": {
    "tongues": "3° livello, fa parlare anche",
    "comprehend": "1° livello, solo comprensione",
    "durata": "Tongues no concentrazione"
  },
  "note_dm": "Comprehend Languages è utility essenziale per esplorazione. Ritual lo rende sempre disponibile. Non traduce codici è limitazione importante.",
  "fonte": "D&D 5e PHB p.224"
}