{
  "id": "spell-scudo",
  "nome": "Scudo",
  "nome_inglese": "Shield",
  "livello": 1,
  "scuola": "Abiurazione",
  "tempo_lancio": "1 reazione, che effettui quando vieni colpito da un attacco o bersagliato dall'incantesimo dardo incantato",
  "gittata": "Personale",
  "componenti": {
    "verbale": true,
    "somatica": true
  },
  "durata": "1 round",
  "descrizione": "Una barriera invisibile di forza magica appare e ti protegge. Fino all'inizio del tuo prossimo turno, hai un bonus di +5 alla CA, incluso contro l'attacco che ha innescato l'incantesimo, e non subisci danni da dardo incantato.",
  "classi": ["Mago", "Stregone"],
  "implementazione_foundry": {
    "tipo": "spell",
    "livello": 1,
    "attivazione": "reaction",
    "range": "self",
    "durata": "1 round",
    "effetto_ac": "+5 AC",
    "immunita": "magic missile"
  },
  "meccaniche": {
    "reaction_timing": "DOPO sapere di essere hit",
    "retroattivo": "Può negare hit che triggera",
    "durata_round": "Fino a inizio tuo turno",
    "magic_missile_immune": "Immunity totale"
  },
  "valore": {
    "ac_boost": "+5 AC è enorme",
    "reaction_cast": "Non usa azione",
    "certezza": "Sai se funziona prima di usarlo",
    "anti_crit": "Può negare critical hit"
  },
  "gestione_slot": {
    "costoso_lv1": "Brucia slot velocemente",
    "emergenza": "Salvavita vs big hit",
    "scaling": "Non migliora con slot alti"
  },
  "interazioni": [
    "Stack con Mage Armor",
    "Stack con altri AC bonus",
    "Blocca Magic Missile automatico",
    "Funziona vs attacchi multipli stesso round"
  ],
  "note_dm": "Shield è tra i migliori spell difensivi. Reaction dopo sapere hit è potentissimo. Immunity a Magic Missile bonus.",
  "fonte": "D&D 5e PHB p.275"
}