{
  "id": "spell-base-012",
  "nome": "Rimuovi Maledizione",
  "nome_originale": "Remove Curse",
  "livello": 3,
  "scuola": "Abiurazione",
  "classi": [
    "Bardo",
    "Chierico",
    "Paladino",
    "Stregone",
    "Mago",
    "Warlock"
  ],
  "compendio_fonte": {
    "pack": "dnd5e.spells",
    "entry_name": "Remove Curse",
    "entry_id": null
  },
  "descrizione": "Utilizzare la descrizione originale del compendio dnd5e (Remove Curse).",
  "note": "Entry locale per mappare il nome italiano all'incantesimo del compendio ufficiale."
}