{
  "id": "spell-base-005",
  "nome": "Creare Cibo e Acqua",
  "nome_originale": "Create Food and Water",
  "livello": 3,
  "scuola": "Evocazione",
  "classi": [
    "Chierico",
    "Druido",
    "Paladino"
  ],
  "compendio_fonte": {
    "pack": "dnd5e.spells",
    "entry_name": "Create Food and Water",
    "entry_id": null
  },
  "descrizione": "Utilizzare la descrizione originale del compendio dnd5e (Create Food and Water).",
  "note": "Entry locale per mappare il nome italiano all'incantesimo del compendio ufficiale."
}