{
  "id": "spell-base-009",
  "nome": "Protezione dal Bene e dal Male",
  "nome_originale": "Protection from Evil and Good",
  "livello": 1,
  "scuola": "Abiurazione",
  "classi": [
    "Chierico",
    "Paladino",
    "Stregone",
    "Mago",
    "Warlock"
  ],
  "compendio_fonte": {
    "pack": "dnd5e.spells",
    "entry_name": "Protection from Evil and Good",
    "entry_id": null
  },
  "descrizione": "Utilizzare la descrizione originale del compendio dnd5e (Protection from Evil and Good).",
  "note": "Entry locale per mappare il nome italiano all'incantesimo del compendio ufficiale."
}