{
  "id": "spell-base-003",
  "nome": "Caratteristica Potenziata",
  "nome_originale": "Enhance Ability",
  "livello": 2,
  "scuola": "Trasmutazione",
  "classi": [
    "Bardo",
    "Chierico",
    "Druido",
    "Stregone",
    "Mago"
  ],
  "compendio_fonte": {
    "pack": "dnd5e.spells",
    "entry_name": "Enhance Ability",
    "entry_id": null
  },
  "descrizione": "Utilizzare la descrizione originale del compendio dnd5e (Enhance Ability).",
  "note": "Entry locale per mappare il nome italiano all'incantesimo del compendio ufficiale."
}