{
  "id": "spell-base-014",
  "nome": "Passo senza Tracce",
  "nome_originale": "Pass without Trace",
  "livello": 2,
  "scuola": "Abiurazione",
  "classi": [
    "Druido",
    "Ranger"
  ],
  "compendio_fonte": {
    "pack": "dnd5e.spells",
    "entry_name": "Pass without Trace",
    "entry_id": null
  },
  "descrizione": "Utilizzare la descrizione originale del compendio dnd5e (Pass without Trace).",
  "note": "Entry locale per mappare il nome italiano all'incantesimo del compendio ufficiale."
}