{
  "id": "spell-base-018",
  "nome": "Accecare/Assordare",
  "nome_originale": "Blindness/Deafness",
  "livello": 2,
  "scuola": "Necromanzia",
  "classi": [
    "Bardo",
    "Stregone",
    "Mago",
    "Warlock"
  ],
  "compendio_fonte": {
    "pack": "dnd5e.spells",
    "entry_name": "Blindness/Deafness",
    "entry_id": null
  },
  "descrizione": "Utilizzare la descrizione originale del compendio dnd5e (Blindness/Deafness).",
  "note": "Entry locale per mappare il nome italiano all'incantesimo del compendio ufficiale."
}