{
  "id": "009",
  "nome": "L'Idolo Pagano",
  "categoria": "Cimelo",
  "fonte": "Brancalonia Manuale Base",
  "descrizione": "Statuetta di legno di divinità dimenticata",
  "proprieta": "Una volta al giorno può rispondere a una domanda con sì/no",
  "valore": "800 mo",
  "storia": "Ultimo idolo di un culto sterminato dall'Inquisizione",
  "prezzo": "Richiede sacrificio di 1 PF permanente per attivazione",
  "implementazione": {
    "tipo": "con_trigger",
    "priorita": 2,
    "attivo": true,
    "active_effects_benedizione": [],
    "active_effects_maledizione": [],
    "tracking_flags": {
      "trackingType": "hp_cost_daily",
      "maxUsesDaily": 1,
      "currentUsesDaily": 1,
      "resetPeriod": "day",
      "lastReset": 0,
      "costPerUse": "1_hp_max_permanent",
      "effectDescription": "Domanda sì/no agli dei dimenticati"
    },
    "hooks": [],
    "macros": ["askIdolo"],
    "ui_config": {
      "showUsesDaily": true,
      "showCost": true,
      "costWarning": "⚠️ ATTENZIONE: Riduce PF massimi di 1 PERMANENTEMENTE!",
      "confirmDialog": true
    },
    "narrative_reminders": [
      "Ogni uso costa 1 PF massimo PERMANENTE (non recuperabile con riposo)",
      "Può essere usato 1 volta al giorno",
      "La risposta è sempre sì/no (mai ambigua)",
      "La divinità è dimenticata ma ancora potente",
      "I PF persi possono essere recuperati solo con magia potente (Greater Restoration, Wish)"
    ]
  },
  "img": "icons/sundries/idols/idol-stone-yellow.webp"
}
