{
  "id": "040",
  "nome": "L'Anello Spezzato",
  "categoria": "Cimelo",
  "fonte": "Brancalonia Manuale Base",
  "descrizione": "Due metà di un anello nuziale",
  "proprieta": "Chi possiede entrambe le metà può controllare chi indossa una metà",
  "valore": "300 mo per metà",
  "storia": "Gli amanti furono divisi dalla guerra",
  "tragedia": "Le metà si respingono magneticamente",
  "implementazione": {
    "tipo": "narrativo",
    "priorita": 1,
    "attivo": true,
    "active_effects_benedizione": [],
    "active_effects_maledizione": [],
    "tracking_flags": {
      "trackingType": "split_item_control",
      "parts": 2,
      "controlRequirement": "possesso_entrambe_meta",
      "otherHalfOwnerId": null,
      "magneticRepulsion": true,
      "effectDescription": "Dominio completo se possiedi entrambe"
    },
    "hooks": [],
    "macros": [],
    "ui_config": {
      "showStatus": true,
      "statusText": "Metà possedute: {count}/2",
      "showWarning": true,
      "warningText": "⚠️ Le metà si respingono magneticamente!"
    },
    "narrative_reminders": [
      "Esistono DUE metà di questo anello nuziale",
      "Chi possiede ENTRAMBE le metà controlla chi indossa UNA metà",
      "Il controllo è completo (condizione Dominated)",
      "Le metà si RESPINGONO magneticamente (difficile tenerle unite)",
      "Gli amanti furono divisi dalla guerra e mai riuniti",
      "Ogni metà vale 300mo separatamente",
      "Plot hook: trovare l'altra metà",
      "Edge case: cosa succede se due persone hanno una metà ciascuna?",
      "Rappresenta amore tragico e controllo possessivo"
    ]
  },
  "img": "icons/equipment/finger/ring-signet-gold.webp"
}
