{
  "id": "spell-colpo-accurato",
  "nome": "Colpo Accurato",
  "nome_inglese": "True Strike",
  "livello": 0,
  "scuola": "Divinazione",
  "tempo_lancio": "1 azione",
  "gittata": "30 piedi",
  "componenti": {
    "verbale": false,
    "somatica": true,
    "materiale": false
  },
  "durata": "Concentrazione, fino a 1 round",
  "descrizione": "Estendi la tua mano e punti un dito verso un bersaglio entro gittata. La tua magia ti garantisce una breve intuizione sulle difese del bersaglio. Nel tuo prossimo turno, ottieni vantaggio sul tuo primo tiro per colpire contro il bersaglio, a patto che questo incantesimo non sia terminato.",
  "classi": ["Bardo", "Mago", "Stregone", "Warlock"],
  "implementazione_foundry": {
    "tipo": "cantrip",
    "attivazione": "action",
    "range": 30,
    "durata": "1 round",
    "concentrazione": true,
    "effetto": "Advantage next attack"
  },
  "problemi_design": {
    "action_economy": "Costa azione per vantaggio prossimo turno",
    "inefficiente": "Meglio attaccare due volte",
    "concentrazione": "Richiede concentrazione per poco beneficio"
  },
  "casi_uso_validi": [
    "Arcane Trickster per Sneak Attack garantito",
    "Attacco con spell slot alto rischio",
    "Setup per alleato (raramente)"
  ],
  "note_dm": "True Strike è considerato uno dei peggiori cantrip. Action economy terribile. Quasi sempre meglio attaccare due volte.",
  "fonte": "D&D 5e PHB p.284"
}