{
  "id": "spell-luce",
  "nome": "Luce",
  "nome_inglese": "Light",
  "livello": 0,
  "scuola": "Invocazione",
  "tempo_lancio": "1 azione",
  "gittata": "Contatto",
  "componenti": {
    "verbale": true,
    "somatica": false,
    "materiale": true,
    "materiale_descrizione": "Una lucciola o muschio fosforescente"
  },
  "durata": "1 ora",
  "descrizione": "Tocchi un oggetto che non supera i 10 piedi in nessuna dimensione. Fino al termine dell'incantesimo, l'oggetto emette luce intensa in un raggio di 20 piedi e luce fioca per altri 20 piedi. La luce può essere colorata come vuoi. Coprire completamente l'oggetto con qualcosa di opaco blocca la luce. L'incantesimo termina se lo lanci di nuovo o lo interrompi come azione.",
  "classi": ["Bardo", "Chierico", "Mago", "Stregone"],
  "implementazione_foundry": {
    "tipo": "cantrip",
    "attivazione": "action",
    "range": "touch",
    "durata": "1 hour",
    "effetto_luce": {
      "bright": 20,
      "dim": 40,
      "colore": "personalizzabile"
    }
  },
  "utilizzi_pratici": [
    "Illuminazione in dungeon",
    "Segnalazione a distanza",
    "Marcare oggetti nel buio",
    "Distrarre nemici"
  ],
  "interazioni": {
    "con_oscurità": "Darkness spell vince sempre",
    "oggetti_multipli": "Solo un oggetto alla volta",
    "armi_illuminate": "Può illuminare arma per combattimento"
  },
  "note_dm": "Light è utilità base. Non richiede concentrazione. Può essere lanciato su oggetti nemici per renderli visibili.",
  "fonte": "D&D 5e PHB p.255"
}