{
  "id": "spell-artificio-druidico",
  "nome": "Artificio Druidico",
  "nome_inglese": "Druidcraft",
  "livello": 0,
  "scuola": "Trasmutazione",
  "tempo_lancio": "1 azione",
  "gittata": "30 piedi",
  "componenti": {
    "verbale": true,
    "somatica": true
  },
  "durata": "Istantanea",
  "descrizione": "Sussurrando agli spiriti della natura, crei uno dei seguenti effetti entro gittata: Crei un piccolo effetto sensoriale innocuo che predice le condizioni meteorologiche per le prossime 24 ore. Fai sbocciare istantaneamente un fiore, aprire un seme o germogliare una foglia. Crei un effetto sensoriale istantaneo e innocuo, come foglie che cadono, un soffio di vento, il suono di un piccolo animale o il debole odore di una puzzola. Accendi o spegni istantaneamente una candela, torcia o piccolo fuoco da campo.",
  "classi": ["Druido"],
  "implementazione_foundry": {
    "tipo": "cantrip",
    "attivazione": "action",
    "range": 30,
    "durata": "instantaneous"
  },
  "effetti_disponibili": [
    "Predire meteo 24 ore",
    "Far sbocciare fiori/semi",
    "Effetti natura (vento, foglie, suoni)",
    "Accendere/spegnere piccoli fuochi"
  ],
  "utilizzi_pratici": [
    "Previsioni meteo per viaggi",
    "Impressionare contadini",
    "Segnali naturali discreti",
    "Sopravvivenza wilderness",
    "Flavor druidico"
  ],
  "confronto_utilita": {
    "vs_thaumaturgy": "Naturale vs divino",
    "vs_prestidigitation": "Natura vs arcano",
    "limitato": "Meno versatile degli altri"
  },
  "valore_campagna": {
    "wilderness": "Ottimo in natura",
    "urbano": "Limitato in città",
    "sociale": "Impressiona druidi/ranger",
    "pratico": "Meteo utile per planning"
  },
  "note_dm": "Druidcraft è il più debole dei cantrip utility ma perfetto per flavor druido. Previsione meteo unica meccanica utile.",
  "fonte": "D&D 5e PHB p.236"
}