{
  "id": "spell-vita-falsata",
  "nome": "Vita Falsata",
  "nome_inglese": "Spare the Dying",
  "livello": 0,
  "scuola": "Necromanzia",
  "tempo_lancio": "1 azione",
  "gittata": "Contatto",
  "componenti": {
    "verbale": true,
    "somatica": true
  },
  "durata": "Istantanea",
  "descrizione": "Tocchi una creatura vivente che ha 0 punti ferita. La creatura diventa stabile. Questo incantesimo non ha effetto su non morti o costrutti.",
  "classi": ["Chierico"],
  "implementazione_foundry": {
    "tipo": "cantrip",
    "attivazione": "action",
    "range": "touch",
    "durata": "instantaneous",
    "effetto": "stabilize dying creature"
  },
  "meccaniche": {
    "automatico": "Stabilizza senza check",
    "no_healing": "Non cura HP",
    "solo_0_hp": "Funziona SOLO a 0 HP",
    "no_undead": "Non funziona su non morti"
  },
  "confronto": {
    "vs_medicine": "Automatico vs DC 10",
    "vs_healing": "No HP ma gratuito",
    "vs_healers_kit": "Infinito vs consumabile"
  },
  "grave_domain": {
    "range_30": "Grave cleric: 30 ft range",
    "bonus_action": "Grave: bonus action cast",
    "valore": "Diventa molto più utile"
  },
  "situazioni": [
    "Stabilizzare in combat",
    "Mass casualties scenario",
    "No risorse per healing",
    "Preservare death saves"
  ],
  "limitazioni": [
    "Touch range base pericoloso",
    "Action intera in combat",
    "Target resta a 0 HP",
    "Un colpo li rimette dying"
  ],
  "note_dm": "Spare the Dying è situazionale ma vitale quando serve. Touch range limita in combat. Grave Domain lo rende eccellente.",
  "fonte": "D&D 5e PHB p.277"
}