{
  "id": "spell-raggio-di-gelo",
  "nome": "Raggio di Gelo",
  "nome_inglese": "Ray of Frost",
  "livello": 0,
  "scuola": "Invocazione",
  "tempo_lancio": "1 azione",
  "gittata": "60 piedi",
  "componenti": {
    "verbale": true,
    "somatica": true
  },
  "durata": "Istantanea",
  "descrizione": "Un raggio gelido di luce bianco-blu sfreccia verso una creatura entro gittata. Effettua un attacco a distanza con incantesimo contro il bersaglio. Se colpisci, subisce 1d8 danni da freddo e la sua velocità è ridotta di 10 piedi fino all'inizio del tuo prossimo turno.",
  "classi": ["Mago", "Stregone"],
  "danno_scaling": {
    "livello_1": "1d8",
    "livello_5": "2d8",
    "livello_11": "3d8",
    "livello_17": "4d8"
  },
  "implementazione_foundry": {
    "tipo": "cantrip",
    "attivazione": "action",
    "range": 60,
    "attacco": "ranged spell",
    "danno": "1d8",
    "danno_tipo": "cold",
    "effetto_aggiuntivo": "speed -10 ft"
  },
  "effetto_rallentamento": {
    "riduzione": "10 piedi",
    "durata": "Fino inizio tuo prossimo turno",
    "stackabile": "No, non si somma",
    "valore_tattico": "Ottimo per kiting"
  },
  "confronto_damage": {
    "vs_fire_bolt": "d8 vs d10, ma ha slow",
    "vs_eldritch_blast": "Meno danno ma rallenta",
    "utilità": "Controllo > danno puro"
  },
  "utilizzi_tattici": [
    "Rallentare nemici in carica",
    "Kiting di melee",
    "Impedire fughe",
    "Combo con area control"
  ],
  "note_dm": "Ray of Frost è controllo più che danno. -10 speed può essere cruciale tatticamente. Ottimo per wizard che vuole mantenere distanza.",
  "fonte": "D&D 5e PHB p.271"
}