{
  "id": "spell-trucchetto-della-mano",
  "nome": "Trucchetto della Mano",
  "nome_inglese": "Mage Hand",
  "livello": 0,
  "scuola": "Evocazione",
  "tempo_lancio": "1 azione",
  "gittata": "30 piedi",
  "componenti": {
    "verbale": true,
    "somatica": true,
    "materiale": false
  },
  "durata": "1 minuto",
  "descrizione": "Una mano spettrale fluttuante appare in un punto a tua scelta entro gittata. La mano dura per la durata o finché non la congedi come azione. La mano svanisce se si trova a più di 30 piedi da te o se lanci di nuovo questo incantesimo. Puoi usare la tua azione per controllare la mano. Puoi usare la mano per manipolare un oggetto, aprire una porta o contenitore non chiuso a chiave, riporre o recuperare un oggetto da un contenitore aperto, o versare il contenuto di una fiala. Puoi muovere la mano fino a 30 piedi ogni volta che la usi. La mano non può attaccare, attivare oggetti magici o trasportare più di 10 libbre.",
  "livelli_superiori": null,
  "classi": ["Bardo", "Mago", "Stregone", "Warlock"],
  "sottoclassi_bonus": {
    "arcane_trickster": "Mage Hand Legerdemain - invisibile e bonus azioni"
  },
  "implementazione_foundry": {
    "tipo": "cantrip",
    "attivazione": "action",
    "range": 30,
    "durata_valore": 1,
    "durata_unita": "minute",
    "scuola_abbreviata": "con"
  },
  "capacità_mano": {
    "peso_massimo": "10 libbre (4.5 kg)",
    "movimento": "30 piedi per azione",
    "azioni_possibili": [
      "Manipolare oggetti semplici",
      "Aprire porte non chiuse a chiave",
      "Recuperare oggetti",
      "Versare liquidi",
      "Tirare leve",
      "Premere pulsanti"
    ],
    "azioni_impossibili": [
      "Attaccare",
      "Attivare oggetti magici",
      "Usare strumenti da ladro",
      "Azioni che richiedono finezza"
    ]
  },
  "utilizzi_comuni": [
    "Recuperare oggetti in posti pericolosi",
    "Attivare trappole da distanza sicura",
    "Manipolare oggetti oltre barriere",
    "Distrarre nemici",
    "Portare corde/chiavi a prigionieri"
  ],
  "arcane_trickster_upgrade": {
    "invisibile": "Mano non visibile",
    "azioni_bonus": [
      "Borseggiare",
      "Usare thieves' tools",
      "Sleight of hand checks"
    ],
    "bonus_action": "Può controllare come bonus action"
  },
  "limitazioni": {
    "distanza_massima": "30 piedi sempre",
    "linea_effetto": "Richiede percorso libero",
    "interazione_creature": "Non può toccare creature ostili"
  },
  "note_dm": "Mage Hand è utility pura. Arcane Trickster la rende eccezionale per ladri. Ricorda che non può attaccare o attivare magic items.",
  "fonte": "Brancalonia Manuale Base, D&D 5e PHB p.256"
}