{
  "id": "spell-illusione-minore",
  "nome": "Illusione Minore",
  "nome_inglese": "Minor Illusion",
  "livello": 0,
  "scuola": "Illusione",
  "tempo_lancio": "1 azione",
  "gittata": "30 piedi",
  "componenti": {
    "verbale": false,
    "somatica": true,
    "materiale": true,
    "materiale_descrizione": "Un po' di vello"
  },
  "durata": "1 minuto",
  "descrizione": "Crei un suono o un'immagine di un oggetto entro gittata che dura per la durata. L'illusione termina anche se la congedi come azione o lanci di nuovo questo incantesimo. Se crei un suono, il suo volume può variare da un sussurro a un urlo. Può essere la tua voce, la voce di qualcun altro, il ruggito di un leone, un rullo di tamburi o qualsiasi altro suono tu scelga. Il suono continua per tutta la durata, o puoi fare suoni discreti in momenti diversi prima che l'incantesimo finisca. Se crei un'immagine di un oggetto come una sedia, impronte di fango o un piccolo baule, non deve essere più grande di un cubo di 5 piedi. L'immagine non può creare suono, luce, odore o qualsiasi altro effetto sensoriale. L'interazione fisica con l'immagine rivela che è un'illusione, perché le cose possono passarci attraverso.",
  "classi": ["Bardo", "Mago", "Stregone", "Warlock"],
  "implementazione_foundry": {
    "tipo": "cantrip",
    "attivazione": "action",
    "range": 30,
    "durata": "1 minute",
    "tipo_illusione": "audio o visiva"
  },
  "opzioni": {
    "suono": {
      "volume": "Da sussurro a urlo",
      "tipo": "Qualsiasi suono",
      "durata": "Continuo o intermittente"
    },
    "immagine": {
      "dimensione": "Max cubo 5 piedi",
      "statica": "Non si muove",
      "limitazioni": "No suono/luce/odore"
    }
  },
  "investigation_dc": {
    "formula": "DC incantesimo",
    "azione": "Investigation check vs DC",
    "successo": "Riconosce illusione"
  },
  "utilizzi_creativi": [
    "Creare copertura visiva falsa",
    "Distrarre guardie con rumori",
    "Simulare voci per inganni",
    "Nascondere piccoli oggetti",
    "Creare false tracce"
  ],
  "note_dm": "Minor Illusion è limitato ma creativo. No componente verbale lo rende ottimo per stealth. Investigation check permette di scoprirla.",
  "fonte": "D&D 5e PHB p.260"
}