{
  "id": "spell-beffa-crudele",
  "nome": "Beffa Crudele",
  "nome_inglese": "Vicious Mockery",
  "livello": 0,
  "scuola": "Ammaliamento",
  "tempo_lancio": "1 azione",
  "gittata": "60 piedi",
  "componenti": {
    "verbale": true
  },
  "durata": "Istantanea",
  "descrizione": "Scagli un flusso di insulti intessuti con incantamenti sottili verso una creatura che puoi vedere entro gittata. Se il bersaglio può sentirti (anche se non deve capirti), deve riuscire un tiro salvezza su Saggezza o subire 1d4 danni psichici e avere svantaggio sul prossimo tiro per colpire che effettua prima della fine del tuo prossimo turno.",
  "classi": ["Bardo"],
  "danno_scaling": {
    "livello_1": "1d4",
    "livello_5": "2d4",
    "livello_11": "3d4",
    "livello_17": "4d4"
  },
  "implementazione_foundry": {
    "tipo": "cantrip",
    "attivazione": "action",
    "range": 60,
    "save": "wisdom",
    "danno": "1d4",
    "danno_tipo": "psychic",
    "effetto_aggiuntivo": "disadvantage next attack"
  },
  "meccaniche": {
    "requisito_udito": "Bersaglio deve poter sentire",
    "comprensione": "NON serve capire la lingua",
    "svantaggio": "Solo prossimo attacco",
    "durata_svantaggio": "Fino a fine tuo prossimo turno"
  },
  "valore_tattico": {
    "danno_basso": "d4 è minimo ma scala",
    "debuff_forte": "Disadvantage molto utile",
    "no_componenti_sm": "Solo verbale, ottimo se legato",
    "range_buono": "60 piedi sicuro"
  },
  "flavor_esempi": [
    "Tua madre era un'orchessa!",
    "Combatti come una mucca!",
    "Ho visto goblin più minacciosi!"
  ],
  "note_dm": "Vicious Mockery è il cantrip signature del bardo. Danno basso ma disadvantage è potente. Incoraggia creatività negli insulti.",
  "fonte": "D&D 5e PHB p.285"
}