{
  "id": "spell-amicizia",
  "nome": "Amicizia",
  "nome_inglese": "Friends",
  "livello": 0,
  "scuola": "Ammaliamento",
  "tempo_lancio": "1 azione",
  "gittata": "Personale",
  "componenti": {
    "verbale": false,
    "somatica": true,
    "materiale": true,
    "materiale_descrizione": "Una piccola quantità di trucco applicato al viso mentre lanci l'incantesimo"
  },
  "durata": "Concentrazione, fino a 1 minuto",
  "descrizione": "Per la durata, hai vantaggio a tutte le prove di Carisma dirette verso una creatura a tua scelta che non ti è ostile. Quando l'incantesimo finisce, la creatura si rende conto che hai usato la magia per influenzare il suo umore e diventa ostile verso di te.",
  "classi": ["Bardo", "Mago", "Stregone", "Warlock"],
  "implementazione_foundry": {
    "tipo": "cantrip",
    "attivazione": "action",
    "durata": "1 minute",
    "concentrazione": true,
    "effetto": "Advantage on CHA checks"
  },
  "meccaniche": {
    "vantaggio": "Tutte prove CHA verso il bersaglio",
    "reazione_dopo": "Creatura diventa ostile",
    "riconoscimento": "Sa che hai usato magia"
  },
  "rischi": {
    "ostilità_garantita": "Sempre ostile dopo",
    "violenza_possibile": "Può attaccare se incline",
    "reputazione": "Danneggia relazioni permanentemente"
  },
  "note_dm": "Friends è potente ma pericoloso. L'ostilità dopo è garantita. Utile solo per situazioni usa e getta.",
  "fonte": "D&D 5e PHB p.244"
}