{
  "id": "spell-deflagrazione-occulta",
  "nome": "Deflagrazione Occulta",
  "nome_inglese": "Eldritch Blast",
  "livello": 0,
  "scuola": "Invocazione",
  "tempo_lancio": "1 azione",
  "gittata": "120 piedi",
  "componenti": {
    "verbale": true,
    "somatica": true,
    "materiale": false
  },
  "durata": "Istantanea",
  "descrizione": "Un raggio di energia crepitante sfreccia verso una creatura entro gittata. Effettua un attacco a distanza con incantesimo contro il bersaglio. Se colpisci, il bersaglio subisce 1d10 danni da forza. L'incantesimo crea più raggi quando raggiungi livelli superiori.",
  "classi": ["Warlock"],
  "raggi_per_livello": {
    "livello_1": "1 raggio",
    "livello_5": "2 raggi",
    "livello_11": "3 raggi",
    "livello_17": "4 raggi"
  },
  "invocazioni_warlock": {
    "agonizing_blast": "+CHA modifier a ogni raggio",
    "eldritch_spear": "Range 300 piedi",
    "grasp_of_hadar": "Pull 10 ft 1/turno",
    "lance_of_lethargy": "Riduce speed 10 ft 1/turno",
    "repelling_blast": "Push 10 ft per hit"
  },
  "implementazione_foundry": {
    "tipo": "cantrip",
    "attivazione": "action",
    "range": 120,
    "attacco": "ranged spell",
    "danno": "1d10",
    "danno_tipo": "force",
    "multi_attack": true
  },
  "meccaniche": {
    "raggi_separati": "Ogni raggio = attacco separato",
    "bersagli": "Possono colpire stesso o diversi bersagli",
    "hex_interaction": "Hex triggera su OGNI raggio che colpisce"
  },
  "build_warlock": {
    "essenziale": "Agonizing Blast quasi obbligatorio",
    "dpr": "Al 17°: 4d10+20 (42 medi) se tutti hit",
    "confronto": "Migliore cantrip damage del gioco con invocations"
  },
  "note_dm": "Eldritch Blast è IL cantrip del warlock. Con invocazioni diventa attacco base migliore di molte armi. Ogni raggio è attacco separato.",
  "fonte": "D&D 5e PHB p.237"
}