{
  "id": "spell-spruzzo-velenoso",
  "nome": "Spruzzo Velenoso",
  "nome_inglese": "Poison Spray",
  "livello": 0,
  "scuola": "Evocazione",
  "tempo_lancio": "1 azione",
  "gittata": "10 piedi",
  "componenti": {
    "verbale": true,
    "somatica": true
  },
  "durata": "Istantanea",
  "descrizione": "Estendi la mano verso una creatura che puoi vedere entro gittata e proietti uno sbuffo di gas nocivo dal tuo palmo. La creatura deve superare un tiro salvezza su Costituzione o subire 1d12 danni da veleno.",
  "classi": ["Druido", "Mago", "Stregone", "Warlock"],
  "danno_scaling": {
    "livello_1": "1d12",
    "livello_5": "2d12",
    "livello_11": "3d12",
    "livello_17": "4d12"
  },
  "implementazione_foundry": {
    "tipo": "cantrip",
    "attivazione": "action",
    "range": 10,
    "save": "constitution",
    "danno": "1d12",
    "danno_tipo": "poison"
  },
  "analisi": {
    "danno_alto": "d12 è il più alto tra cantrip",
    "range_terribile": "10 piedi è pericolosamente vicino",
    "save_comune": "CON save spesso alto nei mostri",
    "tipo_danno": "Poison è il tipo più resistito"
  },
  "problemi": [
    "Range 10 ft espone a attacchi",
    "Molti nemici immuni/resistenti a poison",
    "CON save tipicamente alto",
    "Inutile vs undead/costrutti"
  ],
  "quando_usarlo": [
    "Nemici con CON bassa",
    "Già in melee range",
    "Contro umanoidi/bestie",
    "Build tanky caster"
  ],
  "note_dm": "Poison Spray ha il danno più alto ma enormi limitazioni. Range 10 ft lo rende rischioso. Poison resistance/immunity molto comune.",
  "fonte": "D&D 5e PHB p.266"
}