{
  "id": "spell-taumaturgia",
  "nome": "Taumaturgia",
  "nome_inglese": "Thaumaturgy",
  "livello": 0,
  "scuola": "Trasmutazione",
  "tempo_lancio": "1 azione",
  "gittata": "30 piedi",
  "componenti": {
    "verbale": true
  },
  "durata": "Fino a 1 minuto",
  "descrizione": "Manifesti un segno minore del potere soprannaturale entro gittata. Crei uno dei seguenti effetti magici entro gittata: La tua voce risuona fino a tre volte più forte del normale per 1 minuto. Fai tremolare fiamme, illuminare, affievolire o cambiare colore per 1 minuto. Causi tremori innocui nel terreno per 1 minuto. Crei un suono istantaneo che origina da un punto a tua scelta entro gittata. Fai sbattere improvvisamente aperta o chiusa una porta o finestra non barrata. Alteri l'aspetto dei tuoi occhi per 1 minuto. Se lanci questo incantesimo più volte, puoi avere fino a tre dei suoi effetti di 1 minuto attivi alla volta.",
  "classi": ["Chierico"],
  "implementazione_foundry": {
    "tipo": "cantrip",
    "attivazione": "action",
    "range": 30,
    "durata": "1 minute",
    "effetti_multipli": 3
  },
  "effetti_disponibili": [
    "Voce 3x più forte (1 min)",
    "Fiamme tremolano/cambiano (1 min)",
    "Tremori terreno innocui (1 min)",
    "Suono istantaneo qualsiasi",
    "Porta/finestra sbatte",
    "Occhi cambiano aspetto (1 min)"
  ],
  "utilizzi_roleplay": [
    "Intimidire con voce divina",
    "Entrance drammatico",
    "Fingere presenza divina",
    "Distrarre guardie",
    "Spaventare superstiziosi"
  ],
  "confronto_cantrip": {
    "vs_prestidigitation": "Thaumaturgy più drammatico",
    "vs_druidcraft": "Urbano vs naturale",
    "religioso": "Flavor divino/religioso"
  },
  "combo": [
    "Persuasion/Intimidation boost",
    "Finte haunting",
    "Segnali a distanza",
    "Misdirection tattica"
  ],
  "note_dm": "Thaumaturgy è puro roleplay/utility. Nessun effetto meccanico diretto ma ottimo per flavor clericale e social encounters.",
  "fonte": "D&D 5e PHB p.282"
}