{
  "id": "spell-colpo-shocking",
  "nome": "Colpo Shocking",  
  "nome_inglese": "Shocking Grasp",
  "livello": 0,
  "scuola": "Invocazione",
  "tempo_lancio": "1 azione",
  "gittata": "Contatto",
  "componenti": {
    "verbale": true,
    "somatica": true
  },
  "durata": "Istantanea",
  "descrizione": "Un fulmine balza dalla tua mano per dare una scossa a una creatura che cerchi di toccare. Effettua un attacco in mischia con incantesimo contro il bersaglio. Hai vantaggio sul tiro per colpire se il bersaglio indossa armatura di metallo. Se colpisci, il bersaglio subisce 1d8 danni da fulmine e non può effettuare reazioni fino all'inizio del suo prossimo turno.",
  "classi": ["Mago", "Stregone"],
  "danno_scaling": {
    "livello_1": "1d8",
    "livello_5": "2d8",
    "livello_11": "3d8",
    "livello_17": "4d8"
  },
  "implementazione_foundry": {
    "tipo": "cantrip",
    "attivazione": "action",
    "range": "touch",
    "attacco": "melee spell",
    "danno": "1d8",
    "danno_tipo": "lightning",
    "vantaggio_condizionale": "vs metal armor",
    "effetto_aggiuntivo": "no reactions"
  },
  "meccaniche_potenti": {
    "vantaggio_metallo": "Advantage vs armature metalliche",
    "no_reazioni": "Blocca opportunity attack",
    "fuga_sicura": "Puoi allontanarti dopo",
    "anti_counterspell": "Blocca reazioni incluso counterspell"
  },
  "tattiche": [
    "Hit and run da melee",
    "Shutdown reaction-based enemies",
    "Anti-tank (metal armor)",
    "Escape da grapple poi muovi"
  ],
  "rischi": [
    "Melee range pericoloso per caster",
    "Spell attack può missare",
    "Inutile vs non-metal armor"
  ],
  "combo": [
    "Misty Step per entrare/uscire",
    "Mobile feat per extra movimento",
    "War Caster per opportunity attack"
  ],
  "note_dm": "Shocking Grasp è escape tool per wizard in melee. No reaction è potentissimo. Advantage vs metal armor lo rende anti-knight.",
  "fonte": "D&D 5e PHB p.275"
}