{
  "id": "spell-fiotto-acido",
  "nome": "Fiotto Acido",
  "nome_inglese": "Acid Splash",
  "livello": 0,
  "scuola": "Evocazione",
  "tempo_lancio": "1 azione",
  "gittata": "60 piedi",
  "componenti": {
    "verbale": true,
    "somatica": true
  },
  "durata": "Istantanea",
  "descrizione": "Lanci una bolla acida. Scegli una creatura entro gittata, o scegli due creature entro gittata che si trovano entro 5 piedi l'una dall'altra. Un bersaglio deve superare un tiro salvezza su Destrezza o subire 1d6 danni da acido.",
  "classi": ["Mago", "Stregone"],
  "danno_scaling": {
    "livello_1": "1d6",
    "livello_5": "2d6",
    "livello_11": "3d6",
    "livello_17": "4d6"
  },
  "implementazione_foundry": {
    "tipo": "cantrip",
    "attivazione": "action",
    "range": 60,
    "save": "dexterity",
    "danno": "1d6",
    "danno_tipo": "acid",
    "target": "1 o 2 creature (entro 5 ft)"
  },
  "meccaniche_uniche": {
    "doppio_bersaglio": "Può colpire 2 creature se vicine",
    "distanza_massima": "5 piedi tra i due bersagli",
    "save_invece_attacco": "DEX save, non attack roll",
    "danno_garantito": "No danno se salvano"
  },
  "analisi_tattica": {
    "pro": "Potenziale 2 bersagli, save non AC",
    "contro": "d6 danno basso, tutto o niente",
    "situazionale": "Ottimo vs gruppi stretti"
  },
  "confronto": {
    "danno_singolo": "Peggiore di fire bolt (d6 vs d10)",
    "aoe_potential": "Mini-AoE unico tra cantrip",
    "affidabilità": "Save binario, no danno metà"
  },
  "note_dm": "Acid Splash è debole per danno singolo ma unico per doppio target. DEX save invece di attack roll può essere utile vs high AC.",
  "fonte": "D&D 5e PHB p.211"
}