{
  "id": "spell-prestidigitazione",
  "nome": "Prestidigitazione",
  "nome_inglese": "Prestidigitation",
  "livello": 0,
  "scuola": "Trasmutazione",
  "tempo_lancio": "1 azione",
  "gittata": "10 piedi",
  "componenti": {
    "verbale": true,
    "somatica": true,
    "materiale": false
  },
  "durata": "Fino a 1 ora",
  "descrizione": "Questo trucchetto è un addestramento base per maghi novizi. Con esso, crei uno dei seguenti effetti magici entro gittata: Un effetto sensoriale innocuo e istantaneo, come una pioggia di scintille, una folata di vento, deboli note musicali, o un odore strano. Accendi o spegni istantaneamente una candela, una torcia o un piccolo fuoco da campo. Pulisci o sporchi istantaneamente un oggetto non più grande di 1 piede cubo. Raffreddi, riscaldi o insaporisci fino a 1 piede cubo di materia inanimata per 1 ora. Fai apparire un colore, un piccolo marchio o un simbolo su un oggetto o una superficie per 1 ora. Crei un gingillo non magico o un'immagine illusoria che può stare nel palmo della tua mano e che dura fino alla fine del tuo prossimo turno.",
  "livelli_superiori": null,
  "classi": ["Bardo", "Mago", "Stregone", "Warlock"],
  "implementazione_foundry": {
    "tipo": "cantrip",
    "attivazione": "action",
    "range": 10,
    "durata_valore": 1,
    "durata_unita": "hour",
    "scuola_abbreviata": "trs"
  },
  "usi_comuni": [
    "Pulire vestiti/oggetti istantaneamente",
    "Creare distrazioni sensoriali",
    "Marcare oggetti temporaneamente",
    "Riscaldare/raffreddare cibo e bevande",
    "Piccoli trucchi di intrattenimento"
  ],
  "limitazioni": {
    "effetti_simultanei": "Massimo 3 effetti non istantanei attivi",
    "dimensioni": "Oggetti max 1 piede cubo",
    "danno": "Nessun danno diretto possibile",
    "permanenza": "Tutti gli effetti sono temporanei"
  },
  "utilizzi_creativi": [
    "Falsificare documenti temporaneamente (1 ora)",
    "Creare segnali silenziosi con colori/simboli",
    "Simulare avvelenamento del cibo (sapore)",
    "Intimidire con effetti sensoriali inquietanti",
    "Nascondere odori sospetti"
  ],
  "note_dm": "Prestidigitation è estremamente versatile per situazioni non-combat. I giocatori creativi possono trovare usi infiniti. Ricorda il limite di 3 effetti non-istantanei attivi.",
  "fonte": "Brancalonia Manuale Base, D&D 5e PHB p.267"
}