{
  "id": "scadente-007",
  "nome": "Reazioni Sociali all'Equipaggiamento Scadente",
  "categoria": "equipaggiamento_scadente",
  "descrizione": "Effetti sociali negativi dovuti all'uso di oggetti scadenti davanti a nobili e benestanti.",
  "dettagli": "Quando una canaglia usa abiti, armi, servizi, armature, cavalcature, oggetti d'avventura, intrugli, pozioni o componenti di incantesimi scadenti alla presenza di persone altolocate o benestanti, viene automaticamente percepita come un pezzente inaffidabile. Il Condottiero può applicare malus di -1 o -2 o imporre svantaggio alle prove di Carisma rilevanti.",
  "fonte": {
    "manuale": "Manuale Base",
    "pagine": "64"
  },
  "validazione": {
    "stato": "da_validare",
    "estratto_da": "manuale_brancalonia.txt"
  }
}
