{
  "id": "spell-oscurita",
  "nome": "Oscurità",
  "nome_inglese": "Darkness",
  "livello": 2,
  "scuola": "Invocazione",
  "tempo_lancio": "1 azione",
  "gittata": "60 piedi",
  "componenti": {
    "verbale": true,
    "materiale": true,
    "materiale_descrizione": "Pelo di pipistrello e una goccia di pece o pezzo di carbone"
  },
  "durata": "Concentrazione, fino a 10 minuti",
  "descrizione": "Oscurità magica si diffonde da un punto che scegli entro gittata per riempire una sfera del raggio di 15 piedi per la durata. L'oscurità si diffonde attorno agli angoli. Una creatura con scurovisione non può vedere attraverso questa oscurità, e luce non magica non può illuminarla. Se il punto che scegli è su un oggetto che stai tenendo o uno che non è indossato o trasportato, l'oscurità emana dall'oggetto e si muove con esso. Coprire completamente la fonte dell'oscurità con un oggetto opaco blocca l'oscurità. Se qualsiasi area di questo incantesimo si sovrappone con un'area di luce creata da un incantesimo di 2° livello o inferiore, l'incantesimo che ha creato la luce è dissolto.",
  "classi": ["Mago", "Stregone", "Warlock"],
  "implementazione_foundry": {
    "tipo": "spell",
    "livello": 2,
    "attivazione": "action",
    "range": 60,
    "area": "15 ft radius sphere",
    "durata": "10 minutes",
    "concentrazione": true
  },
  "meccaniche_oscurita": {
    "magica": "Darkvision NON funziona",
    "blocca_vista": "Heavily obscured area",
    "mobile": "Può muoversi con oggetto",
    "cancella_luce": "Dispel light ≤ 2° livello"
  },
  "interazioni_vista": {
    "darkvision": "NON vede attraverso",
    "devil_sight": "Warlock invocation VEDE",
    "truesight": "VEDE attraverso",
    "blindsight": "Funziona normalmente"
  },
  "utilizzi_tattici": [
    "Bloccare line of sight",
    "Escape da ranged attackers",
    "Counter sniper/archers",
    "Nascondere movimento party",
    "Combo con Devil's Sight"
  ],
  "cast_su_oggetto": {
    "mobile": "Segue oggetto",
    "freccia": "Darkness arrow",
    "moneta": "Toss per posizionare",
    "cover_object": "Copri per on/off"
  },
  "heavily_obscured": {
    "attacchi": "Disadvantage se vedi target",
    "blinded": "Effectively blinded in area",
    "nascondersi": "Auto-hide in darkness"
  },
  "combo_warlock": {
    "devil_sight": "Vedi ma altri no",
    "advantage": "Tutti tuoi attacchi",
    "disadvantage": "Contro di te",
    "eldritch_blast": "Sniper invisibile"
  },
  "counters": [
    "Daylight spell (3° livello)",
    "Dispel Magic",
    "Truesight",
    "Blindsight/Tremorsense",
    "AoE che non richiede vista"
  ],
  "note_dm": "Darkness è controllo battlefield potente. Blocca anche darkvision è chiave. Devil's Sight combo può dominare.",
  "fonte": "D&D 5e PHB p.230"
}