{
  "id": "spell-blocca-persone",
  "nome": "Blocca Persone",
  "nome_inglese": "Hold Person",
  "livello": 2,
  "scuola": "Ammaliamento",
  "tempo_lancio": "1 azione",
  "gittata": "60 piedi",
  "componenti": {
    "verbale": true,
    "somatica": true,
    "materiale": true,
    "materiale_descrizione": "Un piccolo pezzo di ferro diritto"
  },
  "durata": "Concentrazione, fino a 1 minuto",
  "descrizione": "Scegli un umanoide che puoi vedere entro gittata. Il bersaglio deve superare un tiro salvezza su Saggezza o essere paralizzato per la durata. Alla fine di ognuno dei suoi turni, il bersaglio può effettuare un altro tiro salvezza su Saggezza. Con un successo, l'incantesimo termina sul bersaglio.",
  "classi": ["Bardo", "Chierico", "Druido", "Mago", "Stregone", "Warlock"],
  "scaling": {
    "descrizione": "+1 creatura per slot level sopra 2°",
    "slot_3": "2 creature",
    "slot_4": "3 creature",
    "slot_5": "4 creature",
    "slot_6": "5 creature"
  },
  "implementazione_foundry": {
    "tipo": "spell",
    "livello": 2,
    "attivazione": "action",
    "range": 60,
    "save": "wisdom",
    "durata": "1 minute",
    "concentrazione": true,
    "condizione": "paralyzed"
  },
  "condizione_paralyzed": {
    "incapacitated": "Non può fare azioni/reazioni",
    "no_move": "Non può muoversi o parlare",
    "auto_fail": "Fallisce STR e DEX saves",
    "advantage": "Attacchi hanno vantaggio",
    "auto_crit": "Hit entro 5 ft sono CRIT"
  },
  "valore_devastante": {
    "auto_crit": "Melee = critico automatico",
    "action_economy": "Target perde turni",
    "setup_execution": "Party può focus fire",
    "no_reactions": "No counterspell/shield"
  },
  "limitazioni": [
    "Solo umanoidi",
    "WIS save comune alto",
    "Save ripetuti ogni turno",
    "Concentrazione richiesta"
  ],
  "tattiche": [
    "Focus boss umanoide",
    "Setup per paladin smite crit",
    "Rogue auto-crit sneak attack",
    "Eliminare caster nemici"
  ],
  "scaling_value": {
    "multiple_targets": "Più creature con slot alti",
    "worth_upcast": "Molto efficiente scaled"
  },
  "note_dm": "Hold Person è save-or-die virtuale. Paralyzed + auto-crit devastante. Solo umanoidi lo bilancia. Save ripetuti danno speranza.",
  "fonte": "D&D 5e PHB p.251"
}