{
  "id": "spell-levitazione",
  "nome": "Levitazione",
  "nome_inglese": "Levitate",
  "livello": 2,
  "scuola": "Trasmutazione",
  "tempo_lancio": "1 azione",
  "gittata": "60 piedi",
  "componenti": {
    "verbale": true,
    "somatica": true,
    "materiale": true,
    "materiale_descrizione": "Un piccolo cappio di cuoio o un pezzo di filo dorato piegato a forma di coppa con un lungo gambo"
  },
  "durata": "Concentrazione, fino a 10 minuti",
  "descrizione": "Una creatura o un oggetto a tua scelta che puoi vedere entro gittata si alza verticalmente, fino a 20 piedi, e rimane sospeso lì per la durata. L'incantesimo può levitare un bersaglio che pesa fino a 500 libbre. Una creatura non consenziente che ha successo su un tiro salvezza su Costituzione non è influenzata. Il bersaglio può muoversi solo spingendo o tirando contro un oggetto fisso o una superficie a portata (come un muro o un soffitto), che gli permette di muoversi come se si stesse arrampicando. Puoi cambiare l'altitudine del bersaglio di fino a 20 piedi in entrambe le direzioni nel tuo turno. Se sei il bersaglio, puoi muoverti su o giù come parte del tuo movimento. Altrimenti, puoi usare la tua azione per muovere il bersaglio, che deve rimanere entro la gittata dell'incantesimo. Quando l'incantesimo termina, il bersaglio fluttua gentilmente a terra se è ancora in aria.",
  "classi": ["Mago", "Stregone"],
  "implementazione_foundry": {
    "tipo": "spell",
    "livello": 2,
    "attivazione": "action",
    "range": 60,
    "save": "constitution",
    "durata": "10 minutes",
    "concentrazione": true,
    "peso_max": "500 lbs"
  },
  "meccaniche_movimento": {
    "verticale": "20 ft su/giù per turno",
    "orizzontale": "Solo con appiglio",
    "se_tu": "Movimento free",
    "se_altri": "Azione per muovere",
    "gentle_fall": "Atterra dolcemente"
  },
  "limiti": {
    "peso": "Max 500 libbre",
    "save": "CON save se unwilling",
    "movimento": "No movimento orizzontale libero",
    "range": "Deve restare in range"
  },
  "utilizzi_combattimento": [
    "Rimuovere melee da fight",
    "Levitare e drop enemies",
    "Archer platform sicura",
    "Bypass terreno difficile",
    "Escape da melee"
  ],
  "utilizzi_esplorazione": [
    "Raggiungere luoghi alti",
    "Attraversare voragini",
    "Scout aereo",
    "Bypass trappole floor"
  ],
  "confronto": {
    "vs_fly": "Levitate più sicuro ma lento",
    "vs_spider_climb": "Levitate no superficie needed",
    "vs_misty_step": "Continuo vs istantaneo"
  },
  "tattiche_nemici": {
    "melee_shutdown": "Melee non può attaccare",
    "save_costituzione": "CON inusuale per save",
    "drop_damage": "Levita poi drop = 2d6/10ft"
  },
  "note_dm": "Levitate è controllo e utility. Movimento limitato lo bilancia. Gentle landing previene abusi. CON save inusuale ma sensato.",
  "fonte": "D&D 5e PHB p.255"
}