{
  "id": "spell-esorcismo",
  "nome": "Esorcismo",
  "nome_inglese": "Exorcism",
  "livello": 2,
  "scuola": "Abiurazione",
  "tempo_lancio": "1 azione",
  "gittata": "9 metri",
  "componenti": {
    "verbale": true,
    "somatica": true,
    "materiale": true,
    "materiale_descrizione": "Incenso e una pagina o pergamena ivi scritte delle preghiere, che l'incantesimo consuma"
  },
  "durata": "Concentrazione, fino a 1 minuto",
  "descrizione": "L'incantatore pronuncia invocazioni al Padre Terno, alla Cinquina o a tutto il Tombolone e sceglie un folletto, un immondo o un non morto entro gittata. Il bersaglio deve superare un tiro salvezza su Saggezza, altrimenti sarà incapacitato per la durata dell'incantesimo e deve spendere i suoi turni tentando di allontanarsi il più possibile dall'incantatore; inoltre, non può volontariamente muoversi in uno spazio entro 9 metri da lui. Alla fine di ogni suo turno, il bersaglio può effettuare un altro tiro salvezza su Saggezza. Se lo supera, l'incantesimo su di esso termina. Per la durata dell'incantesimo, l'incantatore può usare la funzione speciale seguente. Spezzare Ammaliamento: Con la sua azione, l'incantatore tocca una creatura situata entro la sua portata che sia affascinata, spaventata o posseduta da un immondo, folletto o non morto. La creatura toccata non è più affascinata, spaventata o posseduta da tali creature.",
  "classi": ["Chierico", "Druido"],
  "implementazione_foundry": {
    "tipo": "spell",
    "livello": 2,
    "attivazione": "action",
    "range": 30,
    "save": "wisdom",
    "durata": "1 minute",
    "concentrazione": true,
    "condizione": "incapacitated"
  },
  "meccaniche_brancalonia": {
    "target_types": ["Folletto", "Immondo", "Non morto"],
    "effetto_principale": "Incapacitated + fuga forzata",
    "no_approach": "Non può avvicinarsi entro 9m",
    "save_ripetuto": "WIS save ogni turno",
    "azione_bonus": "Spezzare ammaliamento"
  },
  "spezzare_ammaliamento": {
    "azione": "Azione durante concentrazione",
    "range": "Touch",
    "effetto": "Rimuove charmed/frightened/possessed",
    "da_creature": "Solo da folletti/immondi/non morti"
  },
  "confronto_turn_undead": {
    "vs_turn": "Più mirato ma potente",
    "single_target": "Solo 1 creatura",
    "incapacitated": "Più forte di frightened",
    "funziona_su": "Anche folletti/immondi"
  },
  "invocazioni_santi": {
    "padre_terno": "Trinità di Brancalonia",
    "cinquina": "Santi principali",
    "tombolone": "Tutti i santi",
    "flavor": "Religione popolare italica"
  },
  "utilizzi": [
    "Combattere possessioni",
    "Liberare alleati controllati",
    "Forzare ritirata demoni",
    "Proteggere area da non morti",
    "Esorcismi rituali roleplay"
  ],
  "note_dm": "Esorcismo è spell tematico di Brancalonia. Mix tra Turn Undead e Protection from Evil. Forte vs specifici nemici.",
  "fonte": "Brancalonia Macaronicon p.52"
}