{
  "id": "spell-scurovisione",
  "nome": "Scurovisione",
  "nome_inglese": "Darkvision",
  "livello": 2,
  "scuola": "Trasmutazione",
  "tempo_lancio": "1 azione",
  "gittata": "Contatto",
  "componenti": {
    "verbale": true,
    "somatica": true,
    "materiale": true,
    "materiale_descrizione": "Un pizzico di carota secca o un'agata"
  },
  "durata": "8 ore",
  "descrizione": "Tocchi una creatura consenziente per concederle la capacità di vedere al buio. Per la durata, quella creatura ha scurovisione fino a una gittata di 60 piedi.",
  "classi": ["Druido", "Mago", "Ranger", "Stregone"],
  "implementazione_foundry": {
    "tipo": "spell",
    "livello": 2,
    "attivazione": "action",
    "range": "touch",
    "durata": "8 hours",
    "visione": "darkvision 60 ft"
  },
  "meccaniche_darkvision": {
    "buio_totale": "Vede come luce fioca",
    "luce_fioca": "Vede come luce intensa",
    "colori": "Solo scale di grigio nel buio",
    "range": "60 piedi"
  },
  "valore": {
    "durata_lunga": "8 ore = tutto dungeon",
    "no_concentrazione": "Slot e dimentica",
    "party_umani": "Risolve problema razze senza",
    "stealth": "No bisogno torce"
  },
  "confronto_razze": {
    "elfi_nani": "Già hanno darkvision",
    "umani_halfling": "Beneficio massimo",
    "60_vs_120": "Alcune razze hanno 120 ft"
  },
  "utilizzi": [
    "Esplorazione dungeon",
    "Guardie notturne",
    "Stealth missions",
    "Combattimento al buio",
    "Underwater vision"
  ],
  "limitazioni": [
    "Non vede attraverso oscurità magica",
    "Non rivela invisibili",
    "Non vede colori nel buio",
    "60 ft può essere limitante"
  ],
  "devil_sight": {
    "warlock": "Devil's Sight vede in magical darkness",
    "differenza": "120 ft e vede tutto"
  },
  "note_dm": "Darkvision livella playing field per party miste. 8 ore senza concentrazione ottimo. Elimina necessità torce in dungeon.",
  "fonte": "D&D 5e PHB p.230"
}