{
  "id": "bagordi-introduzione",
  "titolo": "Regole di Bagordi",
  "testo": "Al ritorno dai propri lavoretti, spesso le canaglie si trovano con un'abbondanza di denari e soldoni in tasca. Alcuni li investono o li donano, altri li spendono per equipaggiamento, ma molti li scialacquano in bettole, sale da gioco, scommesse, profezie e bagordi d'ogni genere. Quando una canaglia usa una settimana di Sbraco per darsi ai Bagordi, deve trovare un luogo idoneo vicino al Covo: in un villaggio si possono dilapidare 5-10 mo a settimana, in una cittadina 10-20 mo, in una città maggiore 20-50 mo.",
  "fonte": {
    "manuale": "Manuale Base Brancalonia",
    "pagine": "61"
  }
}
