{
  "id": "spell-blocca-mostri",
  "nome": "Blocca Mostri",
  "nome_inglese": "Hold Monster",
  "livello": 5,
  "scuola": "Ammaliamento",
  "tempo_lancio": "1 azione",
  "gittata": "90 piedi",
  "componenti": {
    "verbale": true,
    "somatica": true,
    "materiale": true,
    "materiale_descrizione": "Un piccolo pezzo di ferro diritto"
  },
  "durata": "Concentrazione, fino a 1 minuto",
  "descrizione": "Scegli una creatura che puoi vedere entro gittata. Il bersaglio deve superare un tiro salvezza su Saggezza o essere paralizzato per la durata. Questo incantesimo non ha effetto sui non morti. Alla fine di ognuno dei suoi turni, il bersaglio può effettuare un altro tiro salvezza su Saggezza. Con un successo, l'incantesimo termina sul bersaglio.",
  "classi": ["Bardo", "Mago", "Stregone", "Warlock"],
  "scaling": {
    "descrizione": "+1 creatura per slot level sopra 5°",
    "slot_6": "2 creature",
    "slot_7": "3 creature",
    "slot_8": "4 creature",
    "slot_9": "5 creature"
  },
  "implementazione_foundry": {
    "tipo": "spell",
    "livello": 5,
    "attivazione": "action",
    "range": 90,
    "save": "wisdom",
    "durata": "1 minute",
    "concentrazione": true,
    "condizione": "paralyzed"
  },
  "differenza_hold_person": {
    "target": "QUALSIASI creatura (non solo umanoidi)",
    "eccezione": "Non funziona su undead",
    "livello": "5° vs 2°",
    "range": "90 ft vs 60 ft"
  },
  "paralyzed_reminder": {
    "incapacitated": "No azioni/reazioni",
    "no_movimento": "Speed 0, no speak",
    "auto_fail_saves": "Fail STR/DEX saves",
    "advantage": "Attack con vantaggio",
    "auto_crit": "Melee hit = CRIT"
  },
  "valore_vs_boss": {
    "shutdown_totale": "Boss paralizzato = win",
    "legendary_resistance": "Forza uso LR",
    "focus_fire": "Party massacra in 1 round",
    "no_legendary_actions": "Paralyzed = no LA"
  },
  "creature_types_value": [
    "Dragons paralizzabili",
    "Giants vulnerabili",
    "Aberrations controllabili",
    "Fiends/Celestials inclusi"
  ],
  "tattiche": [
    "Save LR burn prima",
    "Bane/altri debuff prima",
    "Ready actions per auto-crit",
    "Paladin smite on paralyzed"
  ],
  "scaling_efficienza": {
    "multi_target": "Più creature con upcast",
    "worth_it": "Eccellente scaling",
    "combat_ender": "Multi-paralyze vince fight"
  },
  "note_dm": "Hold Monster è il save-or-die definitivo. Funziona su quasi tutto tranne undead. Paralyzed è game over se falliscono saves.",
  "fonte": "D&D 5e PHB p.251"
}