{
  "categoria": "Armi",
  "fonte": "Manuale Base p.64-65",
  "descrizione": "Armi contadine adattate alla battaglia",
  "totale": 4,
  "elementi": [
    {
      "id": "arma-base-001",
      "nome": "Forcone D'arme",
      "file": "001_forcone_darme.json"
    },
    {
      "id": "arma-base-002",
      "nome": "Lingua del Mattatore",
      "file": "002_lingua_del_mattatore.json"
    },
    {
      "id": "arma-base-003",
      "nome": "Schiavona",
      "file": "003_schiavona.json"
    },
    {
      "id": "arma-base-004",
      "nome": "Zappa D'arme",
      "file": "004_zappa_darme.json"
    }
  ]
}