{
  "categoria": "Regole",
  "descrizione": "Contenuti della categoria Regole",
  "fonte": "Brancalonia Manuale Base",
  "totale": 7,
  "elementi": [
    {
      "id": "rissa-batoste-0",
      "nome": "Fresco",
      "file": "rissa-batoste-0.json"
    },
    {
      "id": "rissa-batoste-1",
      "nome": "Ammaccato",
      "file": "rissa-batoste-1.json"
    },
    {
      "id": "rissa-batoste-2",
      "nome": "Pesto",
      "file": "rissa-batoste-2.json"
    },
    {
      "id": "rissa-batoste-3",
      "nome": "Malconcio",
      "file": "rissa-batoste-3.json"
    },
    {
      "id": "rissa-batoste-4",
      "nome": "Conciato Per le Feste",
      "file": "rissa-batoste-4.json"
    },
    {
      "id": "rissa-batoste-5",
      "nome": "Ko",
      "file": "rissa-batoste-5.json"
    },
    {
      "id": "rissa-batoste-6",
      "nome": "All'ospedale",
      "file": "rissa-batoste-6.json"
    }
  ]
}