{
  "nome": "Arma Preferita",
  "fonte": "Manuale Base p.40",
  "tipo": "emeriticenza",
  "descrizione": "Aggiunge bonus competenza ai danni con arma specifica",
  "requisiti": "6° livello + 9000 PE extra; Solo Barbari, Guerrieri, Paladini e Ranger",
  "usi_massimi": 1,
  "meccaniche": {
    "bonus_danni": {
      "tipo": "attivo",
      "descrizione": "Aggiunge bonus competenza ai tiri danni con tipo arma scelto",
      "implementazione": "flags.brancalonia-bigat.armaPreferita = weaponType",
      "mode": 2,
      "nota": "Richiede gestione custom per applicare bonus solo ad arma specifica"
    }
  },
  "validazione": {
    "implementato": false,
    "file_id": "emeriticenza_arma_preferita",
    "compendio": "emeriticenze"
  }
}