{
  "nome": "Fandonia Migliorata",
  "fonte": "Manuale Base p.40",
  "tipo": "emeriticenza",
  "descrizione": "Slot incantesimo aggiuntivo",
  "requisiti": "6° livello + 9000 PE extra; Capacità di lanciare incantesimi",
  "usi_massimi": null,
  "meccaniche": {
    "slot_aggiuntivo": {
      "tipo": "narrativo",
      "descrizione": "Ottiene 1 slot incantesimo aggiuntivo di livello a scelta",
      "nota": "Richiede gestione manuale slot incantesimi"
    }
  },
  "validazione": {
    "implementato": false,
    "file_id": "emeriticenza_fandonia_migliorata",
    "compendio": "emeriticenze"
  }
}