{
  "nome": "Indomito",
  "fonte": "Manuale Base p.40",
  "tipo": "emeriticenza",
  "descrizione": "Immunità alla paura",
  "requisiti": "6° livello + 9000 PE extra",
  "usi_massimi": null,
  "meccaniche": {
    "immunita_paura": {
      "tipo": "attivo",
      "descrizione": "Immune alla condizione spaventato",
      "implementazione": "system.traits.ci.value.push('frightened')",
      "mode": 2
    }
  },
  "validazione": {
    "implementato": false,
    "file_id": "emeriticenza_indomito",
    "compendio": "emeriticenze"
  }
}