{
  "nome": "Rissaiolo Professionista",
  "fonte": "Manuale Base p.40",
  "tipo": "emeriticenza",
  "descrizione": "Slot mossa aggiuntivo e nuova mossa",
  "requisiti": "6° livello + 9000 PE extra",
  "usi_massimi": 2,
  "meccaniche": {
    "slot_mossa": {
      "tipo": "attivo",
      "descrizione": "Ottiene 1 slot mossa aggiuntivo e apprende nuova mossa base",
      "implementazione": "flags.brancalonia-bigat.rissaioloSlot = 1",
      "mode": 2,
      "nota": "Integrato con sistema Rissa di Brancalonia"
    }
  },
  "validazione": {
    "implementato": false,
    "file_id": "emeriticenza_rissaiolo_professionista",
    "compendio": "emeriticenze"
  }
}