{
  "categoria": "Servizi e Alloggio",
  "totale": 8,
  "elementi": [
    {
      "id": "gear-serv-001",
      "nome": "Pasto Modesto",
      "file": "gear-serv-001_pasto_modesto.json"
    },
    {
      "id": "gear-serv-002",
      "nome": "Pasto Ricco",
      "file": "gear-serv-002_pasto_ricco.json"
    },
    {
      "id": "gear-serv-003",
      "nome": "Alloggio Modesto Notte",
      "file": "gear-serv-003_alloggio_modesto_notte.json"
    },
    {
      "id": "gear-serv-004",
      "nome": "Alloggio Confortevole Notte",
      "file": "gear-serv-004_alloggio_confortevole_notte.json"
    },
    {
      "id": "gear-serv-005",
      "nome": "Alloggio Sfarzoso Notte",
      "file": "gear-serv-005_alloggio_sfarzoso_notte.json"
    },
    {
      "id": "gear-serv-006",
      "nome": "Passaggio In Carrozza Giorno",
      "file": "gear-serv-006_passaggio_in_carrozza_giorno.json"
    },
    {
      "id": "gear-serv-007",
      "nome": "Affitto Stalla Per Cavalcatura Notte",
      "file": "gear-serv-007_affitto_stalla_per_cavalcatura_notte.json"
    },
    {
      "id": "gear-serv-008",
      "nome": "Pedaggio Stradale",
      "file": "gear-serv-008_pedaggio_stradale.json"
    }
  ]
}