{
  "nome": "Fuggitivo",
  "fonte": "Manuale Base p.36",
  "tipo": "background",
  "descrizione": "Evaso, disertore o datosi alla macchia, braccato dalla giustizia del Regno",
  "meccaniche": {
    "competenze_abilita": {
      "tipo": "attivo",
      "descrizione": "Competenza in Furtività e Sopravvivenza",
      "implementazione": {
        "furtivita": "system.skills.ste.value = 1",
        "sopravvivenza": "system.skills.sur.value = 1"
      },
      "mode": 5
    },
    "linguaggi": {
      "tipo": "attivo",
      "descrizione": "Baccaglio (gergo furfantesco)",
      "implementazione": "system.traits.languages.value.push('baccaglio')",
      "mode": 2
    },
    "equipaggiamento": {
      "tipo": "narrativo",
      "descrizione": "Pugnale, ricordo vita passata, abito viaggiatore sgualcito, borsa 10 ma"
    },
    "privilegio_reietto": {
      "tipo": "attivo",
      "descrizione": "Taglia aumenta di 100 mo per grave malefatta attribuita",
      "implementazione": "flags.brancalonia-bigat.tagliaBonus = 100",
      "mode": 2,
      "nota": "Sistema Taglia specifico di Brancalonia"
    }
  },
  "malefatte_possibili": [
    "Evasione",
    "Diserzione",
    "Tradimento",
    "Interruzione di pubblica esecuzione",
    "Resistenza all'arresto",
    "Ferimento di Birri",
    "Sedizione",
    "Rivolta",
    "Brigantaggio",
    "Saccheggio"
  ],
  "caratterizzazione": {
    "tratti": [
      "Tiene profilo basso e si guarda le spalle",
      "Evita birri e notabili",
      "Non si fida di nessuno",
      "Odia autorità e giustizia",
      "Controlla sempre vie di fuga",
      "Solidale con i perseguitati",
      "Nervoso se sta troppo ferimo",
      "Ha un piano per lasciare la regione"
    ],
    "ideali": [
      "Solidarietà (Buono)",
      "Giustizia per tutti (Legale)",
      "Libertà (Caotico)",
      "Indifferenza (Malvagio)",
      "Buon senso (Neutrale)",
      "Ambizione di redimersi (Qualsiasi)"
    ]
  },
  "validazione": {
    "implementato": false,
    "file_id": "fuggitivo001",
    "compendio": "backgrounds",
    "nota": "Non trovato tra i backgrounds implementati"
  }
}