{
  "nome": "Passatore",
  "fonte": "Brancalonia Macaronicon p.41-42",
  "tipo": "background",
  "descrizione": "Contrabbandiere di sentieri nascosti che guida persone e merci oltre confini e paludi",
  "testo": {
    "introduzione": [
      "Conosce sentieri montani, guadi e paludi che sfuggono a birri e dogane, conducendo piccole compagnie oltre confini sorvegliati.",
      "Cammina giorni all'addiaccio, evita pattuglie e ostacoli naturali, trattando i paesaggi come carte da gioco.",
      "I passatori più temuti sono quelli che attraversano la Fumarea, portando vivi e carichi in Penumbria senza lasciare traccia." 
    ],
    "privilegio": {
      "nome": "Senza Confini",
      "descrizione": "Può attraversare confini terrestri, terreni impervi e perfino la Fumarea senza subire controlli o rallentamenti, guidando con discrezione chi lo segue."
    }
  },
  "meccaniche": {
    "competenze_abilita": {
      "tipo": "attivo",
      "descrizione": "Competenza in Furtività e Sopravvivenza",
      "implementazione": {
        "furtivita": "system.skills.ste.value = 1",
        "sopravvivenza": "system.skills.sur.value = 1"
      },
      "mode": 5
    },
    "competenze_strumenti": {
      "tipo": "attivo",
      "descrizione": "Veicoli terrestri e acquatici",
      "implementazione": {
        "veicoli_terrestri": "system.tools.vehicleLand.value = 1",
        "veicoli_acquatici": "system.tools.vehicleWater.value = 1"
      },
      "mode": 5
    },
    "linguaggi": {
      "tipo": "attivo",
      "descrizione": "Baccaglio",
      "implementazione": "system.traits.languages.value.push('baccaglio')",
      "mode": 2
    },
    "equipaggiamento": {
      "tipo": "narrativo",
      "descrizione": "Abito da viaggiatore, borsa con 15 ma"
    },
    "privilegio_senza_confini": {
      "tipo": "attivo",
      "descrizione": "Ignora controlli, ostacoli naturali e la Fumarea quando guida spedizioni clandestine",
      "implementazione": {
        "senza_confini": "flags.brancalonia-bigat.senzaConfini = true"
      },
      "mode": 5
    }
  },
  "dettagli": {
    "identificatore": "passatore",
    "ricchezza_iniziale": "15 ma",
    "equipaggiamento": [
      "Abito da viaggiatore",
      "Borsa con 15 ma"
    ]
  },
  "avanzamento": [
    {
      "tipo": "competenze_abilita",
      "abilita": [
        "furtivita",
        "sopravvivenza"
      ]
    },
    {
      "tipo": "competenze_strumenti",
      "elenco": [
        "veicoli_terrestri",
        "veicoli_acquatici"
      ]
    },
    {
      "tipo": "linguaggi",
      "elenco": [
        "baccaglio"
      ]
    },
    {
      "tipo": "privilegio",
      "nome": "Senza Confini",
      "descrizione": "Guida oltre confini e terreni impervi senza controlli né rallentamenti, inclusa la Fumarea.",
      "fonte": "Brancalonia Macaronicon p.41-42",
      "implementazione": {
        "senza_confini": true
      }
    }
  ],
  "caratterizzazione": {
    "tratti": {
      "dado": "d8",
      "voci": [
        "Parla poco e risolve con gesti.",
        "Non parte mai a stomaco vuoto.",
        "È stato allevato da una famiglia di animali parlanti.",
        "Si irrita con chi non regge il suo passo.",
        "Rispetta la natura più di quanto rispetti gli uomini.",
        "Ama il pericolo e non cerca scuse per evitarlo.",
        "Preferisce l'addiaccio a una notte in locanda.",
        "Conosce sempre una via alternativa."
      ]
    },
    "ideali": {
      "dado": "d6",
      "voci": [
        "Morale. Non guido tagliagole e razziatori. (Buono)",
        "Onestà. Consegno merci e persone in tempo e al giusto prezzo. (Legale)",
        "Libertà. Le leggi delle città non valgono nei boschi. (Caotico)",
        "Furberia. Qualcuno muore? Io salvo equipaggiamento e merci. (Malvagio)",
        "Esplorazione. Vivo per tracciare nuovi sentieri. (Neutrale)",
        "Aspirazione. Voglio percorrere il Cammino di Casseoula in meno di dodici giorni. (Qualsiasi)"
      ]
    },
    "legami": {
      "dado": "d6",
      "voci": [
        "Il bastone da camminata tramandato nella mia famiglia.",
        "Conosco una comunità segreta di animali parlanti che vado a trovare.",
        "Leggo sempre la fiaba degli Stivali delle Sette Miglia prima di dormire.",
        "Ho un conto aperto con una cacciatrice di taglie e cerco di incrociarla di nuovo.",
        "Solo nei boschi posso sfuggire a un sicario che mi insegue.",
        "Verso parte dei proventi a un villaggio che mi diede rifugio."
      ]
    },
    "difetti": {
      "dado": "d6",
      "voci": [
        "Quando cedo ai piaceri, perdo il controllo.",
        "Non ammetto che qualcun altro faccia strada al posto mio.",
        "Sovrastimo sempre le mie capacità.",
        "Credo di poter comunicare con i lupi.",
        "Non so mantenere un segreto.",
        "Metto di proposito i compagni in situazioni pericolose per temprarli."
      ]
    }
  },
  "validazione": {
    "implementato": true,
    "file_id": "passatore001",
    "compendio": "backgrounds_macaronicon"
  }
}
