{
  "id": "generatore-bettole-introduzione",
  "titolo": "Generatore di Bettole",
  "testo": "La Bettola e uno dei luoghi piu tipici del Regno: qui iniziano e finiscono lavoretti, si ottengono informazioni, si menano le mani, si gioca e si recuperano dicerie o petecchioni. Chiunque abbia due monete vuole mettere qualcosa nello stomaco, fare due chiacchiere o vedere che succede, e dunque finisce in una Bettola. I tenutari possono essere fannulloni con una stanza da affittare oppure veri appassionati di cucina e buon vino. Il popolo del Regno e gelosissimo di ricette e abbinamenti: litiga per ore sul condimento della pasta alla meretriciana, sulla cottura e sulle bevande piu adatte. Per aiutare il Condottiero a rendere le scene piu vive, ecco le tabelle che permettono di generare rapidamente una Bettola brancalonia.",
  "fonte": {
    "manuale": "Manuale Base Brancalonia",
    "pagine": "83"
  }
}