{
  "id": "spell-emanazione-angelica",
  "nome": "Emanazione Angelica",
  "nome_inglese": "Angelic Emanation",
  "livello": 3,
  "scuola": "Abiurazione",
  "tempo_lancio": "1 azione",
  "gittata": "Contatto",
  "componenti": {
    "verbale": true
  },
  "durata": "Concentrazione, fino a 10 minuti",
  "descrizione": "L'incantatore tocca una creatura consenziente che viene pervasa da un'aura di energia angelica e delle ali di luce si sprigionano dalla sua schiena. Finché l'incantesimo non termina, la creatura ottiene una velocità di volare di 9 metri, non può diventare malata, è dotata di resistenza ai danni da veleno e dispone di vantaggio ai tiri salvezza contro gli effetti che provocano qualsiasi condizione tra le seguenti: accecato, affascinato, assordato, avvelenato, paralizzato, spaventato e stordito.",
  "classi": ["Chierico"],
  "implementazione_foundry": {
    "tipo": "spell",
    "livello": 3,
    "attivazione": "action",
    "range": "touch",
    "durata": "10 minutes",
    "concentrazione": true,
    "fly_speed": 30
  },
  "benefici_multipli": {
    "volo": "9 metri (30 ft) fly speed",
    "immune_malattia": "Cannot be diseased",
    "resistenza": "Poison damage resistance",
    "vantaggio_saves": "7 condizioni"
  },
  "condizioni_vantaggio": [
    "Accecato (Blinded)",
    "Affascinato (Charmed)",
    "Assordato (Deafened)",
    "Avvelenato (Poisoned)",
    "Paralizzato (Paralyzed)",
    "Spaventato (Frightened)",
    "Stordito (Stunned)"
  ],
  "confronto_spell": {
    "vs_fly": "Più lento ma più benefici",
    "vs_protection_evil": "Più ampio ma 3° livello",
    "vs_freedom_movement": "Diverso focus protezione"
  },
  "ali_di_luce": {
    "visive": "Ali luminose angeliche",
    "flavor": "Manifestazione divina",
    "intimidazione": "Possibile vantaggio social",
    "riconoscibile": "Ovviamente magico"
  },
  "utilizzi_tattici": [
    "Tank volante protetto",
    "Scout aereo resistente",
    "Anti-control su alleato chiave",
    "Escape da situazioni difficili",
    "Boss fight preparation"
  ],
  "valore": {
    "versatile": "Mobilità + protezione",
    "durata": "10 minuti ottimo",
    "solo_verbale": "Castable se restrained",
    "concentrazione": "Unico limite reale"
  },
  "flavor_brancalonia": {
    "angeli": "Presenze divine minori",
    "santità": "Manifestazione miracolosa",
    "protezione": "Benedizione dei santi"
  },
  "note_dm": "Emanazione Angelica è buff potente multiuso di Brancalonia. Combina mobilità e protezione. Ali luminose hanno impatto roleplay.",
  "fonte": "Brancalonia Macaronicon p.51"
}