{
  "id": "spell-lentezza",
  "nome": "Lentezza",
  "nome_inglese": "Slow",
  "livello": 3,
  "scuola": "Trasmutazione",
  "tempo_lancio": "1 azione",
  "gittata": "120 piedi",
  "componenti": {
    "verbale": true,
    "somatica": true,
    "materiale": true,
    "materiale_descrizione": "Una goccia di melassa"
  },
  "durata": "Concentrazione, fino a 1 minuto",
  "descrizione": "Alteri il tempo intorno a fino a sei creature a tua scelta in un cubo di 40 piedi entro gittata. Ogni bersaglio deve superare un tiro salvezza su Saggezza o essere influenzato da questo incantesimo per la durata. Un bersaglio influenzato ha la sua velocità dimezzata, subisce una penalità di -2 alla CA e ai tiri salvezza su Destrezza, e non può usare reazioni. Nel suo turno, può usare un'azione o un'azione bonus, non entrambe. Indipendentemente dalle abilità o oggetti magici della creatura, non può effettuare più di un attacco in mischia o a distanza durante il suo turno. Se la creatura tenta di lanciare un incantesimo con tempo di lancio di 1 azione, tira un d20. Con 11 o più, l'incantesimo non ha effetto fino al prossimo turno della creatura, e la creatura deve usare la sua azione in quel turno per completare l'incantesimo. Se non può, l'incantesimo è sprecato. Una creatura influenzata da questo incantesimo effettua un altro tiro salvezza su Saggezza alla fine del suo turno. Con un successo, l'effetto termina per essa.",
  "classi": ["Mago", "Stregone"],
  "implementazione_foundry": {
    "tipo": "spell",
    "livello": 3,
    "attivazione": "action",
    "range": 120,
    "area": "40 ft cube",
    "save": "wisdom",
    "durata": "1 minute",
    "concentrazione": true
  },
  "debuff_multipli": {
    "movimento": "Speed dimezzata",
    "ac": "-2 AC",
    "dex_saves": "-2 DEX saves",
    "no_reactions": "No opportunity attacks",
    "action_limit": "Action O bonus, non entrambi",
    "attack_limit": "Max 1 attacco per turno",
    "spell_delay": "50% chance spell ritardato"
  },
  "spell_disruption": {
    "d20_roll": "11+ spell ritardato",
    "prossimo_turno": "Deve completare o perde",
    "slot_perso": "Se non completa, slot sprecato"
  },
  "save_ripetuti": {
    "quando": "Fine di ogni turno",
    "tipo": "WIS save",
    "successo": "Termina effetto"
  },
  "confronto_haste": {
    "opposto": "Debuff vs buff",
    "no_letargia": "No drawback per caster",
    "multi_target": "6 creature vs 1"
  },
  "valore_tattico": {
    "shutdown_martials": "Devasta multiattackers",
    "spell_disruption": "50% stop casters",
    "no_reactions": "No counterspell/shield",
    "area_control": "40 ft cube enorme"
  },
  "note_dm": "Slow è uno dei migliori debuff. Colpisce tutto: movement, defense, offense, casting. 6 targets in 40ft cube è enorme.",
  "fonte": "D&D 5e PHB p.277"
}