{
  "id": "spell-assicurazione",
  "nome": "Assicurazione",
  "nome_inglese": "Insurance",
  "livello": 3,
  "scuola": "Invocazione",
  "tempo_lancio": "10 minuti",
  "gittata": "Incantatore",
  "componenti": {
    "verbale": true,
    "somatica": true,
    "materiale": true,
    "materiale_descrizione": "Un foglio ivi scritto l'incantesimo assicurato e la circostanza scatenante, chiuso da un sigillo in ceralacca e polvere d'oro del valore totale di 15 mo"
  },
  "durata": "10 giorni",
  "descrizione": "L'incantatore sceglie un incantesimo di 2° livello o inferiore che sia in grado di lanciare, che abbia un tempo di lancio di 1 azione e che abbia come bersaglio l'incantatore stesso. L'incantatore può lanciare quell'incantesimo (chiamato l'incantesimo assicurato) come parte del lancio di assicurazione, spendendo gli slot incantesimo per entrambi. L'incantesimo assicurato, tuttavia, non ha effetto. Avrà invece effetto quando si verificherà una determinata circostanza descritta dall'incantatore al momento del lancio dei due incantesimi. Per esempio, un lancio di assicurazione con immagine speculare potrebbe stabilire che immagine speculare avrà effetto quando l'incantatore sarà bersaglio di un attacco. L'incantesimo assicurato ha effetto immediato non appena la circostanza si verifica per la prima volta, che l'incantatore lo voglia o no. Se l'incantesimo assicurato richiede concentrazione, dura per la durata massima dell'incantesimo e l'incantatore non deve mantenere la concentrazione su di esso. Inoltre, assicurazione termina qualora la sua componente materiale cessi di trovarsi sulla persona dell'incantatore.",
  "classi": ["Mago"],
  "implementazione_foundry": {
    "tipo": "spell",
    "livello": 3,
    "attivazione": "10 minutes",
    "range": "self",
    "durata": "10 days"
  },
  "meccaniche_brancalonia": {
    "trigger_spell": "Incantesimo 2° o meno",
    "condizione": "Definita al lancio",
    "attivazione": "Automatica quando trigger",
    "no_concentrazione": "Non richiede concentrazione",
    "componente_richiesta": "Deve rimanere addosso"
  },
  "esempi_utilizzo": [
    "Shield quando attaccati",
    "Mirror Image quando in pericolo",
    "Misty Step quando circondati",
    "Blur all'inizio combat",
    "False Life quando feriti"
  ],
  "limitazioni": [
    "Solo spell self-target",
    "Max 2° livello",
    "1 azione cast time richiesto",
    "Usa 2 slot (3° + spell)",
    "Trigger non controllabile"
  ],
  "valore_tattico": {
    "preparazione": "Setup difese preventive",
    "action_economy": "Spell gratis quando serve",
    "no_concentrazione": "Bypassa limite concentration",
    "durata_lunga": "10 giorni attivo"
  },
  "note_dm": "Assicurazione è spell unico di Brancalonia. Permette contingency povera ma utile. Componente deve restare addosso è vulnerabilità.",
  "fonte": "Brancalonia Macaronicon p.50"
}