{
  "categoria": "Regole",
  "descrizione": "Mini giochi sociali per downtime o intermezzi di rissa nelle bettole del Regno.",
  "fonte": {
    "manuale": "Manuale Base Brancalonia",
    "pagine": "57-59"
  },
  "totale": 4,
  "elementi": [
    {
      "id": "botte-alla-botte",
      "nome": "Botte Alla Botte",
      "file": "botte-alla-botte.json"
    },
    {
      "id": "gara-di-mangiate",
      "nome": "Gara di Mangiate",
      "file": "gara-di-mangiate.json"
    },
    {
      "id": "giostra-dei-poveri",
      "nome": "Giostra dei Poveri",
      "file": "giostra-dei-poveri.json"
    },
    {
      "id": "minchiate",
      "nome": "Minchiate",
      "file": "minchiate.json"
    }
  ]
}