{
  "id": "brancalonia-bigat",
  "title": "Brancalonia - Il Regno di Taglia",
  "description": "Modulo enterprise-grade completo per Brancalonia nel Regno di Taglia. Include tutte le meccaniche del manuale: Infamia, Compagnia, Haven, Risse da Taverna, Lavori Sporchi, Menagramo, Oggetti Scadenti, Malattie, Hazard Ambientali, Duelli, Fazioni e Reputazione. 13 compendi con 957 documenti verificati e corretti. Sistema di logging centralizzato, statistics tracking, performance monitoring e public API per tutti i moduli. Compatibile con D&D 5e v5.1.9+.",
  "version": "13.0.63",
  "compatibility": {
    "minimum": "13.0.0",
    "verified": "13.348",
    "maximum": "13"
  },
  "authors": [
    {
      "name": "Brancalonia Community",
      "discord": "brancalonia#0001"
    }
  ],
  "relationships": {
    "requires": [
      {
        "id": "dnd5e",
        "type": "system",
        "compatibility": {
          "minimum": "5.0.0",
          "verified": "5.1.9",
          "maximum": "5.2.x"
        }
      }
    ],
    "systems": [
      {
        "id": "dnd5e",
        "type": "system",
        "compatibility": {
          "minimum": "5.0.0",
          "verified": "5.1.9",
          "maximum": "5.2.x"
        }
      }
    ]
  },
  "esmodules": [
    "modules/brancalonia-logger.js",
    "modules/settings-registration.js",
    "modules/crlngn-ui/module.mjs",
    "modules/global-error-handler.js",
    "modules/dialog-safe-wrapper.js",
    "modules/brancalonia-compatibility-fix.js",
    "modules/brancalonia-data-validator.js",
    "core/BrancaloniaCore.js",
    "modules/brancalonia-module-loader.js",
    "modules/brancalonia-modules-init-fix.js",
    "modules/brancalonia-ui-coordinator.js",
    "modules/brancalonia-module-activator.js",
    "modules/brancalonia-v13-modern.js",
    "modules/brancalonia-sheets.js",
    "modules/brancalonia-sheets-macros.js",
    "modules/brancalonia-icon-interceptor.js",
    "modules/theme.mjs",
    "modules/theme-config.mjs",
    "modules/settings.mjs",
    "modules/brancalonia-theme.mjs",
    "modules/brancalonia-theme-settings.js",
    "modules/brancalonia-slugify-fix.js",
    "modules/compendium-manager.mjs",
    "modules/reputation-infamia-unified.js",
    "modules/compagnia-manager.js",
    "modules/dirty-jobs.js",
    "modules/malefatte-taglie-nomea.js",
    "modules/menagramo-system.js",
    "modules/menagramo-warlock-patron.js",
    "modules/menagramo-macros.js",
    "modules/tavern-brawl.js",
    "modules/tavern-brawl-macros.js",
    "modules/tavern-entertainment-consolidated.js",
    "modules/diseases-system.js",
    "modules/environmental-hazards.js",
    "modules/wilderness-encounters.js",
    "modules/level-cap.js",
    "modules/brancalonia-dice-theme.js",
    "modules/background-privileges.js",
    "modules/factions-system.js",
    "modules/dueling-system.js",
    "modules/shoddy-equipment.js",
    "modules/rest-system.js",
    "modules/covo-granlussi-v2.js",
    "modules/covo-macros.js",
    "modules/favori-system.js",
    "modules/brancalonia-rischi-mestiere.js",
    "modules/brancalonia-cursed-relics.js",
    "modules/brancalonia-cimeli-manager.js",
    "data/active-effects-registry-generated.js",
    "modules/brancalonia-active-effects.js",
    "modules/brancalonia-conditions.js",
    "modules/brancalonia-mechanics.js",
    "modules/game-systems/intrugli-system.js",
    "modules/game-systems/borsa-nera-system.js",
    "modules/game-systems/fucina-system.js",
    "modules/chat-commands.js",
    "core/ConfigManager.js",
    "core/HooksManager.js"
  ],
  "styles": [
    "modules/crlngn-ui/styles/vars.css",
    "modules/crlngn-ui/styles/main.css",
    "modules/crlngn-ui/styles/ui-left.css",
    "modules/crlngn-ui/styles/ui-right.css",
    "modules/crlngn-ui/styles/ui-middle.css",
    "modules/crlngn-ui/styles/ui-top.css",
    "modules/crlngn-ui/styles/scene-nav.css",
    "modules/crlngn-ui/styles/chat.css",
    "modules/crlngn-ui/styles/camera.css",
    "modules/crlngn-ui/styles/players-list.css",
    "modules/crlngn-ui/styles/token-wheel.css",
    "modules/crlngn-ui/styles/other-modules.css",
    "styles/brancalonia-tokens-unified.css",
    "styles/brancalonia-fonts-override.css",
    "styles/brancalonia-dnd5e-v5.css",
    "styles/covo-system.css"
  ],
  "languages": [
    {
      "lang": "it",
      "name": "Italiano",
      "path": "lang/it.json"
    }
  ],
  "packs": [
    {
      "name": "razze",
      "label": "Stirpi di Brancalonia",
      "path": "packs/razze/razze.db",
      "type": "Item",
      "system": "dnd5e",
      "ownership": {
        "PLAYER": "OBSERVER",
        "ASSISTANT": "OWNER"
      }
    },
    {
      "name": "equipaggiamento",
      "label": "Equipaggiamento Scadente",
      "path": "packs/equipaggiamento/equipaggiamento.db",
      "type": "Item",
      "system": "dnd5e",
      "ownership": {
        "PLAYER": "OBSERVER",
        "ASSISTANT": "OWNER"
      }
    },
    {
      "name": "talenti",
      "label": "Talenti di Brancalonia",
      "path": "packs/talenti/talenti.db",
      "type": "Item",
      "system": "dnd5e",
      "ownership": {
        "PLAYER": "OBSERVER",
        "ASSISTANT": "OWNER"
      }
    },
    {
      "name": "incantesimi",
      "label": "Incantesimi di Brancalonia",
      "path": "packs/incantesimi/incantesimi.db",
      "type": "Item",
      "system": "dnd5e",
      "ownership": {
        "PLAYER": "OBSERVER",
        "ASSISTANT": "OWNER"
      }
    },
    {
      "name": "rollable-tables",
      "label": "Tabelle Casuali (360)",
      "path": "packs/rollable-tables/rollable-tables.db",
      "type": "RollTable",
      "system": "dnd5e",
      "ownership": {
        "PLAYER": "OBSERVER",
        "ASSISTANT": "OWNER"
      }
    },
    {
      "name": "regole",
      "label": "Regole di Brancalonia (62 documenti)",
      "path": "packs/regole/regole.db",
      "type": "JournalEntry",
      "system": "dnd5e",
      "ownership": {
        "PLAYER": "OBSERVER",
        "ASSISTANT": "OWNER"
      }
    },
    {
      "name": "npc",
      "label": "PNG di Brancalonia",
      "path": "packs/npc/npc.db",
      "type": "Actor",
      "system": "dnd5e",
      "ownership": {
        "PLAYER": "OBSERVER",
        "ASSISTANT": "OWNER"
      }
    },
    {
      "name": "macro",
      "label": "Macro di Brancalonia",
      "path": "packs/macro/macro.db",
      "type": "Macro",
      "system": "dnd5e",
      "ownership": {
        "PLAYER": "OBSERVER",
        "ASSISTANT": "OWNER"
      }
    },
    {
      "name": "brancalonia-features",
      "label": "Privilegi di Brancalonia",
      "path": "packs/brancalonia-features/brancalonia-features.db",
      "type": "Item",
      "system": "dnd5e",
      "ownership": {
        "PLAYER": "OBSERVER",
        "ASSISTANT": "OWNER"
      }
    },
    {
      "name": "backgrounds",
      "label": "Background di Brancalonia",
      "path": "packs/backgrounds/backgrounds.db",
      "type": "Item",
      "system": "dnd5e",
      "ownership": {
        "PLAYER": "OBSERVER",
        "ASSISTANT": "OWNER"
      }
    },
    {
      "name": "sottoclassi",
      "label": "Sottoclassi di Brancalonia",
      "path": "packs/sottoclassi/sottoclassi.db",
      "type": "Item",
      "system": "dnd5e",
      "ownership": {
        "PLAYER": "OBSERVER",
        "ASSISTANT": "OWNER"
      }
    },
    {
      "name": "emeriticenze",
      "label": "Emeriticenze",
      "path": "packs/emeriticenze/emeriticenze.db",
      "type": "Item",
      "system": "dnd5e",
      "ownership": {
        "PLAYER": "OBSERVER",
        "ASSISTANT": "OWNER"
      }
    },
    {
      "name": "classi",
      "label": "Classi di Brancalonia",
      "path": "packs/classi/classi.db",
      "type": "Item",
      "system": "dnd5e",
      "ownership": {
        "PLAYER": "OBSERVER",
        "ASSISTANT": "OWNER"
      }
    }
  ],
  "packFolders": [
    {
      "name": "Brancalonia",
      "sorting": "a",
      "packs": [
        "backgrounds",
        "brancalonia-features",
        "classi",
        "emeriticenze",
        "equipaggiamento",
        "incantesimi",
        "macro",
        "npc",
        "razze",
        "regole",
        "rollable-tables",
        "sottoclassi",
        "talenti"
      ]
    }
  ],
  "flags": {
    "brancalonia-bigat": {
      "fullImplementation": true,
      "mechanicsCount": 283,
      "tablesCount": 360,
      "uiEnhanced": true,
      "italianTheme": true,
      "renaissanceStyle": true,
      "tavernAtmosphere": true,
      "customCharacterSheets": true,
      "advancedThemeSystem": true,
      "dynamicThemes": true,
      "layeredCSS": true,
      "themePresets": 4,
      "importExportThemes": true,
      "enterpriseGrade": true,
      "centralizedLogging": true,
      "statisticsTracking": true,
      "performanceMonitoring": true,
      "eventDrivenArchitecture": true,
      "publicAPIs": true,
      "moduleCount": 56,
      "loggerIntegration": 51,
      "enterpriseModules": 27,
      "version": "13.0.0"
    }
  },
  "url": "https://github.com/lordbanana89/brancalonia-bigat-master",
  "manifest": "https://raw.githubusercontent.com/lordbanana89/brancalonia-bigat-master/main/module.json",
  "download": "https://github.com/lordbanana89/brancalonia-bigat-master/raw/main/brancalonia-bigat.zip",
  "license": "LICENSE",
  "readme": "README.md",
  "media": [
    {
      "type": "icon",
      "url": "assets/artwork/fond.webp"
    },
    {
      "type": "cover",
      "url": "assets/artwork/cover.webp"
    }
  ]
}
