{
  "id": "spell-porta-dimensionale",
  "nome": "Porta Dimensionale",
  "nome_inglese": "Dimension Door",
  "livello": 4,
  "scuola": "Evocazione",
  "tempo_lancio": "1 azione",
  "gittata": "500 piedi",
  "componenti": {
    "verbale": true
  },
  "durata": "Istantanea",
  "descrizione": "Ti teletrasporti dalla tua posizione attuale a qualsiasi altro punto entro gittata. Arrivi esattamente nel punto desiderato. Può essere un luogo che puoi vedere, uno che puoi visualizzare, o uno che puoi descrivere indicando distanza e direzione. Puoi portare oggetti con te fintanto che il loro peso non supera ciò che puoi trasportare. Puoi anche portare una creatura consenziente della tua taglia o più piccola che sta trasportando equipaggiamento fino alla sua capacità di carico. La creatura deve essere entro 5 piedi da te quando lanci questo incantesimo. Se arriveresti in un luogo già occupato da un oggetto o una creatura, tu e qualsiasi creatura che viaggia con te subite 4d6 danni da forza, e l'incantesimo fallisce nel teletrasportarvi.",
  "classi": ["Bardo", "Mago", "Stregone", "Warlock"],
  "implementazione_foundry": {
    "tipo": "spell",
    "livello": 4,
    "attivazione": "action",
    "range": 500,
    "teleport": true
  },
  "destinazione_opzioni": {
    "vista": "Luogo che vedi",
    "visualizzato": "Luogo che conosci",
    "descritto": "500 ft nord-est da qui",
    "precisione": "Arrivo esatto"
  },
  "trasporto": {
    "oggetti": "Tutto ciò che porti",
    "creatura": "1 willing, tua taglia o meno",
    "distanza": "Creatura entro 5 ft",
    "equipaggiamento": "Creatura porta suo gear"
  },
  "fallimento": {
    "spazio_occupato": "Se destinazione occupata",
    "danno": "4d6 force damage",
    "no_teleport": "Rimani dove sei",
    "slot_perso": "Spell slot consumato"
  },
  "confronto_teleport": {
    "vs_misty_step": "500 ft vs 30 ft",
    "vs_teleport": "Sicuro ma corto raggio",
    "vs_arcane_gate": "Istantaneo vs portale"
  },
  "utilizzi": [
    "Escape garantito da prigione",
    "Bypass dungeon sections",
    "Infiltrazione istantanea",
    "Evacuazione emergenza con alleato",
    "Raggiungere luoghi inaccessibili"
  ],
  "limitazioni": [
    "500 ft non è molto lontano",
    "Solo 1 alleato",
    "Rischio se non conosci destinazione",
    "No reazione, solo azione"
  ],
  "combo": [
    "Scry + Dimension Door",
    "Familiar scout + teleport",
    "Arcane Eye + precise teleport"
  ],
  "note_dm": "Dimension Door è escape/infiltrazione definitiva. 500 ft copre la maggior parte delle situazioni. Solo verbale lo rende unstoppable.",
  "fonte": "D&D 5e PHB p.233"
}