{
  "id": "oggetto-contraff-005",
  "nome": "Reliquie False",
  "categoria": "oggetto_contraffatto",
  "costo": "30 mo",
  "descrizione": "Finti resti sacri, ossa o reliquiari costruiti per ingannare credenti e pellegrini.",
  "utilizzo": "Possono attirare devoti e donazioni finché non vengono sottoposti a controlli religiosi; soggetti alle regole dell'equipaggiamento scadente.",
  "note_meccaniche": "Se usate per ottenere favore divino o bonus spirituali, il Condottiero applica le complicazioni dell'equipaggiamento contraffatto (es. malfunzionamento narrativo, aumento di CD).",
  "fonte": {
    "manuale": "Manuale Base",
    "pagine": "64-65"
  },
  "validazione": {
    "stato": "da_validare",
    "estratto_da": "manuale_brancalonia.txt"
  }
}
